"Site","SWRC_ID","Date_Run","Substrate","OM_percent","Moisture_percent","EEA_umol_hr_gdrysoil","EEA_umol_hr_gOM"
"SP_OT_11",2000360,200305,"PHO",2.853,19.76,0.000836598607010888,0.0293234702772831
"SP_OT_11",2000360,200305,"PHO",2.853,19.76,0.000627422627478883,0.0219916798976124
"SP_OT_11",2000360,200305,"GLU",2.853,19.76,0.000789435368244433,0.0276703599104253
"SP_OT_11",2000360,200305,"GLU",2.853,19.76,0.000878085851536089,0.0307776323707006
"SP_OT_11",2000360,200305,"GLU",2.853,19.76,0.000792029186033489,0.0277612753604448
"SP_OT_11",2000360,200305,"NAG",2.853,19.76,0.000371684911552361,0.0130278623046744
"SP_OT_11",2000360,200305,"NAG",2.853,19.76,0.000318627849839123,0.0111681685888231
"SP_OT_11",2000360,200305,"NAG",2.853,19.76,0.000370415066689384,0.012983353196263
"SP_ONT_21",2000362,200305,"PHO",2.545,19.99,0.00121444035175756,0.0477186778686663
"SP_ONT_21",2000362,200305,"PHO",2.545,19.99,0.00123801604944023,0.0486450314121897
"SP_ONT_21",2000362,200305,"GLU",2.545,19.99,0.00107405736489317,0.0422026469506159
"SP_ONT_21",2000362,200305,"GLU",2.545,19.99,0.000945634228053497,0.0371565512005304
"SP_ONT_21",2000362,200305,"GLU",2.545,19.99,0.00131384758916364,0.0516246596920879
"SP_ONT_21",2000362,200305,"NAG",2.545,19.99,0.000213437443448082,0.00838654001760635
"SP_ONT_21",2000362,200305,"NAG",2.545,19.99,0.000383710560753536,0.0150770357859935
"SP_ONT_21",2000362,200305,"NAG",2.545,19.99,0.000235457955829395,0.00925178608366975
"SP_COV_31",2000364,200305,"PHO",4.114,24,0.000441587677642198,0.0107337792329168
"SP_COV_31",2000364,200305,"PHO",4.114,24,0.000355547648180627,0.00864238328100698
"SP_COV_31",2000364,200305,"GLU",4.114,24,0.00194356478832808,0.0472427026817714
"SP_COV_31",2000364,200305,"GLU",4.114,24,0.00063151407734489,0.0153503664886945
"SP_COV_31",2000364,200305,"GLU",4.114,24,0.000631347727153807,0.0153463229740838
"SP_COV_31",2000364,200305,"NAG",4.114,24,0.000461239138117578,0.0112114520689737
"SP_COV_31",2000364,200305,"NAG",4.114,24,0.000680614504401723,0.0165438625279952
"SP_COV_31",2000364,200305,"NAG",4.114,24,0.000699248406650457,0.016996801328402
"SP_COV_32",2000365,200305,"PHO",4.392,23.18,0.00130398058928357,0.0296899041275859
"SP_COV_32",2000365,200305,"PHO",4.392,23.18,0.00032465369176292,0.00739193287256192
"SP_COV_32",2000365,200305,"GLU",4.392,23.18,0.00185812821957723,0.0423071088246181
"SP_COV_32",2000365,200305,"GLU",4.392,23.18,0.000698993001772574,0.0159151412061151
"SP_COV_32",2000365,200305,"GLU",4.392,23.18,0.000667021190360753,0.0151871855728769
"SP_COV_32",2000365,200305,"NAG",4.392,23.18,0.000285389560077423,0.00649794080322002
"SP_COV_32",2000365,200305,"NAG",4.392,23.18,0.000344618465440868,0.00784650422224199
"SP_COV_32",2000365,200305,"NAG",4.392,23.18,0.000722159682692541,0.0164426157261508
"SP_OT_12",2000361,200305,"PHO",2.849,20.82,0.000775415172048214,0.0272170997559921
"SP_OT_12",2000361,200305,"PHO",2.849,20.82,0.000245174295193801,0.00860562636692877
"SP_OT_12",2000361,200305,"GLU",2.849,20.82,0.0006902249059894,0.0242269184271464
"SP_OT_12",2000361,200305,"GLU",2.849,20.82,0.000353703911162059,0.012415019696808
"SP_OT_12",2000361,200305,"GLU",2.849,20.82,0.000349233485856811,0.0122581076116817
"SP_OT_12",2000361,200305,"NAG",2.849,20.82,0.000180966827648498,0.00635194200240427
"SP_OT_12",2000361,200305,"NAG",2.849,20.82,0.000146564842178279,0.00514443110488869
"SP_OT_12",2000361,200305,"NAG",2.849,20.82,0.000146611933939923,0.00514608402737531
"SP_ONT_22",2000363,200305,"PHO",3.721,22.95,0.000155485454646941,0.0041785932450132
"SP_ONT_22",2000363,200305,"PHO",3.721,22.95,0.000275480354781321,0.00740339572107824
"SP_ONT_22",2000363,200305,"GLU",3.721,22.95,0.000281944772477993,0.00757712368927689
"SP_ONT_22",2000363,200305,"GLU",3.721,22.95,0.000337035748998467,0.00905766592309774
"SP_ONT_22",2000363,200305,"GLU",3.721,22.95,0.000376194519234863,0.0101100381412218
"SP_ONT_22",2000363,200305,"NAG",3.721,22.95,0.00012041236507211,0.00323602163590729
"SP_ONT_22",2000363,200305,"NAG",3.721,22.95,0.000139996723681683,0.00376234140504389
"SP_ONT_22",2000363,200305,"NAG",3.721,22.95,0.00012469224506105,0.0033510412539922
"SP_COS_41",2000366,200305,"PHO",3.965,23.09,0.000450017828341853,0.0113497560741955
"SP_COS_41",2000366,200305,"PHO",3.965,23.09,0.000445041723070525,0.011224255310732
"SP_COS_41",2000366,200305,"GLU",3.965,23.09,0.000472811289194792,0.011924622678305
"SP_COS_41",2000366,200305,"GLU",3.965,23.09,0.000446248970801311,0.0112547029205879
"SP_COS_41",2000366,200305,"GLU",3.965,23.09,0.000527186200105006,0.0132959949585121
"SP_COS_41",2000366,200305,"NAG",3.965,23.09,0.00021142692839917,0.00533233110716697
"SP_COS_41",2000366,200305,"NAG",3.965,23.09,0.000556665279044799,0.0140394774033997
"SP_COS_41",2000366,200305,"NAG",3.965,23.09,0.000514686447439865,0.0129807426844859
"SP_COS_42",2000367,200305,"PHO",4.485,22.12,0.000341235956024833,0.00760838252006317
"SP_COS_42",2000367,200305,"PHO",4.485,22.12,0.000452371891062095,0.0100863297895673
"SP_COS_42",2000367,200305,"GLU",4.485,22.12,0.00101668999748034,0.0226686732994502
"SP_COS_42",2000367,200305,"GLU",4.485,22.12,0.000720400763358467,0.0160624473435556
"SP_COS_42",2000367,200305,"GLU",4.485,22.12,0.000448393479179008,0.00999762495382403
"SP_COS_42",2000367,200305,"NAG",4.485,22.12,0.000662668890253162,0.0147752260926012
"SP_COS_42",2000367,200305,"NAG",4.485,22.12,0.000616868173795265,0.0137540284012322
"SP_COS_42",2000367,200305,"NAG",4.485,22.12,0.000761116814382519,0.0169702745681721
"SP_OT_11",2000498,200505,"PHO",3.007,16.99,0.00110012554870326,0.0365854854906306
"SP_OT_11",2000498,200505,"PHO",3.007,16.99,0.00118305241819256,0.0393432796206372
"SP_OT_11",2000498,200505,"GLU",3.007,16.99,0.000430838508127297,0.014327851949694
"SP_OT_11",2000498,200505,"GLU",3.007,16.99,0.000466889123608234,0.015526741722921
"SP_OT_11",2000498,200505,"GLU",3.007,16.99,0.000616090225792655,0.020488534279769
"SP_OT_11",2000498,200505,"NAG",3.007,16.99,0.000198060817327632,0.00658665837471339
"SP_OT_11",2000498,200505,"NAG",3.007,16.99,0.000221381729470594,0.00736221248655118
"SP_OT_11",2000498,200505,"NAG",3.007,16.99,0.000235426170754377,0.00782927072678339
"SP_ONT_21",2000500,200505,"PHO",3.15,17.27,0.000562867623580626,0.017868813447004
"SP_ONT_21",2000500,200505,"PHO",3.15,17.27,0.00148028506536398,0.0469931766782217
"SP_ONT_21",2000500,200505,"GLU",3.15,17.27,0.000604646406576386,0.019195124018298
"SP_ONT_21",2000500,200505,"GLU",3.15,17.27,0.00061573759879845,0.019547225358681
"SP_ONT_21",2000500,200505,"GLU",3.15,17.27,0.000334627029484513,0.0106230803010957
"SP_ONT_21",2000500,200505,"NAG",3.15,17.27,0.000192572840139678,0.00611342349649771
"SP_ONT_21",2000500,200505,"NAG",3.15,17.27,0.000147152094941356,0.00467149507750337
"SP_ONT_21",2000500,200505,"NAG",3.15,17.27,0.00015992943747451,0.00507712499919079
"SP_COV_31",2000502,200505,"PHO",4.691,19.02,0.00136991353107145,0.0292030170767737
"SP_COV_31",2000502,200505,"PHO",4.691,19.02,0.00160702084682156,0.0342575324413037
"SP_COV_31",2000502,200505,"GLU",4.691,19.02,0.000552473831309352,0.011777314672977
"SP_COV_31",2000502,200505,"GLU",4.691,19.02,0.000950747756950337,0.0202674857589072
"SP_COV_31",2000502,200505,"GLU",4.691,19.02,0.000448662538167123,0.00956432611739764
"SP_COV_31",2000502,200505,"NAG",4.691,19.02,0.000301128378645222,0.00641927901609937
"SP_COV_31",2000502,200505,"NAG",4.691,19.02,0.000343474555942519,0.00732199010749348
"SP_COV_31",2000502,200505,"NAG",4.691,19.02,0.000298985144789224,0.00637359080770037
"SP_COV_32",2000503,200505,"PHO",4.883,18.96,0.000978218025761416,0.0200331358951754
"SP_COV_32",2000503,200505,"PHO",4.883,18.96,0.00326381892903522,0.0668404449935536
"SP_COV_32",2000503,200505,"GLU",4.883,18.96,0.00104937739096962,0.0214904237347865
"SP_COV_32",2000503,200505,"GLU",4.883,18.96,0.000807837490414767,0.0165438765188361
"SP_COV_32",2000503,200505,"GLU",4.883,18.96,0.000835005767834937,0.0171002614752189
"SP_COV_32",2000503,200505,"NAG",4.883,18.96,0.000504444448455177,0.0103306256083387
"SP_COV_32",2000503,200505,"NAG",4.883,18.96,0.000335712297693131,0.00687512385199941
"SP_COV_32",2000503,200505,"NAG",4.883,18.96,0.000561874535530649,0.0115067486285203
"SP_OT_12",2000499,200505,"PHO",3.082,17.78,0.00178157882018468,0.0578059318684191
"SP_OT_12",2000499,200505,"PHO",3.082,17.78,0.0017867298421128,0.0579730643125505
"SP_OT_12",2000499,200505,"GLU",3.082,17.78,0.000876542105178184,0.0284406912776828
"SP_OT_12",2000499,200505,"GLU",3.082,17.78,0.000383696215950753,0.0124495852028148
"SP_OT_12",2000499,200505,"GLU",3.082,17.78,0.000771327986941381,0.0250268652479358
"SP_OT_12",2000499,200505,"NAG",3.082,17.78,0.000247368736344418,0.00802624063414724
"SP_OT_12",2000499,200505,"NAG",3.082,17.78,0.000320356194137763,0.0103944255073901
"SP_OT_12",2000499,200505,"NAG",3.082,17.78,0.000220977056498809,0.00716992396167452
"SP_ONT_22",2000501,200505,"PHO",3.834,19.83,0.00284439403948215,0.0741886812593154
"SP_ONT_22",2000501,200505,"PHO",3.834,19.83,0.0028606427295301,0.0746124864248851
"SP_ONT_22",2000501,200505,"GLU",3.834,19.83,0.00108242479507176,0.0282322586090703
"SP_ONT_22",2000501,200505,"GLU",3.834,19.83,0.000916998282063337,0.023917534743436
"SP_ONT_22",2000501,200505,"GLU",3.834,19.83,0.00106090810187666,0.0276710511704919
"SP_ONT_22",2000501,200505,"NAG",3.834,19.83,0.000226438902993016,0.00590607467378757
"SP_ONT_22",2000501,200505,"NAG",3.834,19.83,0.000249926578696936,0.006518690106858
"SP_ONT_22",2000501,200505,"NAG",3.834,19.83,0.000216418071463293,0.00564470713258458
"SP_COS_41",2000504,200505,"PHO",4.344,19.54,0.00183264076902269,0.0421878630069679
"SP_COS_41",2000504,200505,"PHO",4.344,19.54,0.00206565462406941,0.0475519020273805
"SP_COS_41",2000504,200505,"GLU",4.344,19.54,0.0012483753144041,0.0287379216023043
"SP_COS_41",2000504,200505,"GLU",4.344,19.54,0.00105974062602331,0.0243955024406839
"SP_COS_41",2000504,200505,"GLU",4.344,19.54,0.00165351770894815,0.0380644039813111
"SP_COS_41",2000504,200505,"NAG",4.344,19.54,0.000349617738355309,0.00804829047779255
"SP_COS_41",2000504,200505,"NAG",4.344,19.54,0.000402176288915713,0.00925820186270057
"SP_COS_41",2000504,200505,"NAG",4.344,19.54,0.00027976609154631,0.00644028755861671
"SP_COS_42",2000505,200505,"PHO",5.728,23.73,0.00319259756107233,0.055736689264531
"SP_COS_42",2000505,200505,"PHO",5.728,23.73,0.00116795655316068,0.0203903029532242
"SP_COS_42",2000505,200505,"GLU",5.728,23.73,0.00196274642032731,0.0342658243772226
"SP_COS_42",2000505,200505,"GLU",5.728,23.73,0.00141182812161622,0.0246478373187188
"SP_COS_42",2000505,200505,"GLU",5.728,23.73,0.00124119588362273,0.0216689225492796
"SP_COS_42",2000505,200505,"NAG",5.728,23.73,0.000545496627911648,0.00952333498449106
"SP_COS_42",2000505,200505,"NAG",5.728,23.73,0.000399600512031534,0.00697626592233823
"SP_COS_42",2000505,200505,"NAG",5.728,23.73,0.000430897337917226,0.00752264905581749
"SP_OT_11",2000647,200604,"PHO",4.59,15.04,0.0239599201424595,0.522002617482778
"SP_OT_11",2000647,200604,"PHO",4.59,15.04,0.0228902125445493,0.49869744105772
"SP_OT_11",2000647,200604,"GLU",4.59,15.04,0.00637094609175397,0.138800568447799
"SP_OT_11",2000647,200604,"GLU",4.59,15.04,0.00541935191069316,0.118068669078282
"SP_OT_11",2000647,200604,"GLU",4.59,15.04,0.00697907441417025,0.152049551506977
"SP_OT_11",2000647,200604,"NAG",4.59,15.04,0.00375455645818912,0.0817986156468218
"SP_OT_11",2000647,200604,"NAG",4.59,15.04,0.00416426818105134,0.0907247969727962
"SP_OT_11",2000647,200604,"NAG",4.59,15.04,0.00527994747082734,0.115031535312142
"SP_ONT_21",2000649,200604,"PHO",3.805,14.37,0.0188997843475212,0.496709181275195
"SP_ONT_21",2000649,200604,"PHO",3.805,14.37,0.0200204392259024,0.526161346278644
"SP_ONT_21",2000649,200604,"GLU",3.805,14.37,0.00715749992068043,0.188107750872022
"SP_ONT_21",2000649,200604,"GLU",3.805,14.37,0.00472647671740827,0.124217522139508
"SP_ONT_21",2000649,200604,"GLU",3.805,14.37,0.00407633755327152,0.107131078929606
"SP_ONT_21",2000649,200604,"NAG",3.805,14.37,0.00321083146281376,0.084384532531242
"SP_ONT_21",2000649,200604,"NAG",3.805,14.37,0.003417075221943,0.0898048678565836
"SP_ONT_21",2000649,200604,"NAG",3.805,14.37,0.00342454335624146,0.0900011394544404
"SP_COV_31",2000651,200604,"PHO",4.983,17.41,0.0248403715297639,0.498502338546336
"SP_COV_31",2000651,200604,"PHO",4.983,17.41,0.0175960930576264,0.353122477576288
"SP_COV_31",2000651,200604,"GLU",4.983,17.41,0.0102520487908637,0.205740493495158
"SP_COV_31",2000651,200604,"GLU",4.983,17.41,0.0197530368107497,0.396408525200677
"SP_COV_31",2000651,200604,"GLU",4.983,17.41,0.00814725367650986,0.163500976851492
"SP_COV_31",2000651,200604,"NAG",4.983,17.41,0.00575703418673776,0.115533497626686
"SP_COV_31",2000651,200604,"NAG",4.983,17.41,0.00551995200968891,0.110775677497269
"SP_COV_31",2000651,200604,"NAG",4.983,17.41,0.00909768159643085,0.182574384837063
"SP_COV_32",2000652,200604,"PHO",5.417,19.62,0.0256011753159661,0.472607999187116
"SP_COV_32",2000652,200604,"PHO",5.417,19.62,0.0358912506459926,0.662566930884116
"SP_COV_32",2000652,200604,"GLU",5.417,19.62,0.0103123767596776,0.190370625063274
"SP_COV_32",2000652,200604,"GLU",5.417,19.62,0.0107515974094868,0.198478815017294
"SP_COV_32",2000652,200604,"GLU",5.417,19.62,0.0145212367159829,0.268067873656691
"SP_COV_32",2000652,200604,"NAG",5.417,19.62,0.00441516689622695,0.0815057577298681
"SP_COV_32",2000652,200604,"NAG",5.417,19.62,0.00624960872389167,0.115370292115408
"SP_COV_32",2000652,200604,"NAG",5.417,19.62,0.00786591321819339,0.145207923540583
"SP_OT_12",2000648,200604,"PHO",3.236,13.52,0.0247564255107284,0.76503169069
"SP_OT_12",2000648,200604,"PHO",3.236,13.52,0.0164890673794883,0.509550907895188
"SP_OT_12",2000648,200604,"GLU",3.236,13.52,0.00501271647097678,0.154904711711273
"SP_OT_12",2000648,200604,"GLU",3.236,13.52,0.00457451034961939,0.141363113399858
"SP_OT_12",2000648,200604,"GLU",3.236,13.52,0.00530404020718241,0.163907299356688
"SP_OT_12",2000648,200604,"NAG",3.236,13.52,0.00241802914456666,0.0747227794983515
"SP_OT_12",2000648,200604,"NAG",3.236,13.52,0.00273431602833185,0.0844967870312686
"SP_OT_12",2000648,200604,"NAG",3.236,13.52,0.00256936609492232,0.0793994466910483
"SP_ONT_22",2000650,200604,"PHO",3.952,15.47,0.0271323814512496,0.686548113644979
"SP_ONT_22",2000650,200604,"PHO",3.952,15.47,0.0148377620003311,0.375449443328215
"SP_ONT_22",2000650,200604,"GLU",3.952,15.47,0.00784711680258622,0.19856064783872
"SP_ONT_22",2000650,200604,"GLU",3.952,15.47,0.0080260863445947,0.203089229367275
"SP_ONT_22",2000650,200604,"GLU",3.952,15.47,0.0119700579919773,0.302886082792947
"SP_ONT_22",2000650,200604,"NAG",3.952,15.47,0.00219392379818046,0.0555142661482909
"SP_ONT_22",2000650,200604,"NAG",3.952,15.47,0.00249818239525563,0.0632131172888571
"SP_ONT_22",2000650,200604,"NAG",3.952,15.47,0.00354335514078774,0.0896597960725642
"SP_COS_41",2000653,200604,"PHO",3.898,17.48,0.0320596026672683,0.822462869863219
"SP_COS_41",2000653,200604,"PHO",3.898,17.48,0.0261619527084784,0.67116348662079
"SP_COS_41",2000653,200604,"GLU",3.898,17.48,0.0083445672195976,0.214073043088702
"SP_COS_41",2000653,200604,"GLU",3.898,17.48,0.00850145659051324,0.21809791150624
"SP_COS_41",2000653,200604,"GLU",3.898,17.48,0.0157079461967185,0.402974504790109
"SP_COS_41",2000653,200604,"NAG",3.898,17.48,0.00360130676231248,0.0923885777914952
"SP_COS_41",2000653,200604,"NAG",3.898,17.48,0.00487825018436219,0.125147516274043
"SP_COS_41",2000653,200604,"NAG",3.898,17.48,0.005752060427309,0.147564402958158
"SP_COS_42",2000654,200604,"PHO",5.086,19.52,0.0439590427093941,0.864314642339639
"SP_COS_42",2000654,200604,"PHO",5.086,19.52,0.048241358903426,0.948512758620252
"SP_COS_42",2000654,200604,"GLU",5.086,19.52,0.025547374342765,0.502307792818817
"SP_COS_42",2000654,200604,"GLU",5.086,19.52,0.0208233773039834,0.409425428705925
"SP_COS_42",2000654,200604,"GLU",5.086,19.52,0.0209577094272551,0.412066642297583
"SP_COS_42",2000654,200604,"NAG",5.086,19.52,0.0077163593717451,0.15171764395881
"SP_COS_42",2000654,200604,"NAG",5.086,19.52,0.00751628830717716,0.147783883349924
"SP_COS_42",2000654,200604,"NAG",5.086,19.52,0.00629660594017807,0.123802712154504
"SP_OT_11",2000953,200714,"PHO",3.40036082,18.95,0.0283154536227435,0.832719088403787
"SP_OT_11",2000953,200714,"PHO",3.40036082,18.95,0.0223702703224583,0.657879310656754
"SP_OT_11",2000953,200714,"GLU",3.40036082,18.95,0.0094757988234741,0.278670391910765
"SP_OT_11",2000953,200714,"GLU",3.40036082,18.95,0.00890174665921785,0.261788296314326
"SP_OT_11",2000953,200714,"GLU",3.40036082,18.95,0.00903313269134596,0.265652181327803
"SP_OT_11",2000953,200714,"NAG",3.40036082,18.95,0.00448417500416261,0.131873505240618
"SP_OT_11",2000953,200714,"NAG",3.40036082,18.95,0.00661026966600967,0.194399065744137
"SP_OT_11",2000953,200714,"NAG",3.40036082,18.95,0.00643468494886339,0.189235357348441
"SP_ONT_21",2000955,200714,"PHO",3.19921482,17.65,0.0225758241201401,0.705667652544198
"SP_ONT_21",2000955,200714,"PHO",3.19921482,17.65,0.0272280679667451,0.851085953857424
"SP_ONT_21",2000955,200714,"GLU",3.19921482,17.65,0.0131644470330237,0.41148993655336
"SP_ONT_21",2000955,200714,"GLU",3.19921482,17.65,0.0111575383660001,0.348758648411117
"SP_ONT_21",2000955,200714,"GLU",3.19921482,17.65,0.00490820929689266,0.153419184801496
"SP_ONT_21",2000955,200714,"NAG",3.19921482,17.65,0.00456284707441439,0.14262396653984
"SP_ONT_21",2000955,200714,"NAG",3.19921482,17.65,0.00597699892144186,0.186827057816701
"SP_ONT_21",2000955,200714,"NAG",3.19921482,17.65,0.00372446305225963,0.116418035731018
"SP_COV_31",2000957,200714,"PHO",4.328778626,18.64,0.0359598001460317,0.830714694672671
"SP_COV_31",2000957,200714,"PHO",4.328778626,18.64,0.00734067355657438,0.169578400532751
"SP_COV_31",2000957,200714,"GLU",4.328778626,18.64,0.00561637398636888,0.129745003651496
"SP_COV_31",2000957,200714,"GLU",4.328778626,18.64,0.0139390411701743,0.322008639722346
"SP_COV_31",2000957,200714,"GLU",4.328778626,18.64,0.00756638577804509,0.174792624704784
"SP_COV_31",2000957,200714,"NAG",4.328778626,18.64,0.00511124777712278,0.118075979825418
"SP_COV_31",2000957,200714,"NAG",4.328778626,18.64,0.00393037079444214,0.0907962992340403
"SP_COV_31",2000957,200714,"NAG",4.328778626,18.64,0.00654622087989866,0.151225586833663
"SP_COV_32",2000958,200714,"PHO",4.405990398,19.69,0.0363621256911597,0.825288355318829
"SP_COV_32",2000958,200714,"PHO",4.405990398,19.69,0.00849594650908464,0.192827168051505
"SP_COV_32",2000958,200714,"GLU",4.405990398,19.69,0.00956354279862107,0.217057731286982
"SP_COV_32",2000958,200714,"GLU",4.405990398,19.69,0.00726476633643371,0.16488384404404
"SP_COV_32",2000958,200714,"GLU",4.405990398,19.69,0.0161902603221176,0.367460181698689
"SP_COV_32",2000958,200714,"NAG",4.405990398,19.69,0.0110917313592354,0.251742068350177
"SP_COV_32",2000958,200714,"NAG",4.405990398,19.69,0.00676471198882692,0.153534424221569
"SP_COV_32",2000958,200714,"NAG",4.405990398,19.69,0.00772480655658532,0.175325088318209
"SP_OT_12",2000954,200714,"PHO",2.952041274,17.02,0.0217811022285972,0.737831900266217
"SP_OT_12",2000954,200714,"PHO",2.952041274,17.02,0.0194463798718742,0.658743495328048
"SP_OT_12",2000954,200714,"GLU",2.952041274,17.02,0.0112993490107521,0.382763923738828
"SP_OT_12",2000954,200714,"GLU",2.952041274,17.02,0.00551864029780474,0.186943195761183
"SP_OT_12",2000954,200714,"GLU",2.952041274,17.02,0.00325780723441335,0.110357780668799
"SP_OT_12",2000954,200714,"NAG",2.952041274,17.02,0.00323772210858217,0.109677399740251
"SP_OT_12",2000954,200714,"NAG",2.952041274,17.02,0.00364287643367053,0.123401947857404
"SP_OT_12",2000954,200714,"NAG",2.952041274,17.02,0.00448888072169201,0.152060229009251
"SP_ONT_22",2000956,200714,"PHO",3.828290418,19.16,0.0285528667593329,0.745838576537504
"SP_ONT_22",2000956,200714,"PHO",3.828290418,19.16,0.0282371208793757,0.737590877291058
"SP_ONT_22",2000956,200714,"GLU",3.828290418,19.16,0.00965247735233396,0.25213545207933
"SP_ONT_22",2000956,200714,"GLU",3.828290418,19.16,0.0143378740246929,0.374524199033557
"SP_ONT_22",2000956,200714,"GLU",3.828290418,19.16,0.00931955879262267,0.243439179765558
"SP_ONT_22",2000956,200714,"NAG",3.828290418,19.16,0.00451540693844944,0.11794839067639
"SP_ONT_22",2000956,200714,"NAG",3.828290418,19.16,0.00456364838995875,0.119208521080355
"SP_ONT_22",2000956,200714,"NAG",3.828290418,19.16,0.0051773848803701,0.135240128492522
"SP_COS_41",2000959,200714,"PHO",4.228268657,18.65,0.0315680649948706,0.746595534855832
"SP_COS_41",2000959,200714,"PHO",4.228268657,18.65,0.0263285166089569,0.622678423362938
"SP_COS_41",2000959,200714,"GLU",4.228268657,18.65,0.0163229738591667,0.386043914975544
"SP_COS_41",2000959,200714,"GLU",4.228268657,18.65,0.0135337768368083,0.320078451363368
"SP_COS_41",2000959,200714,"GLU",4.228268657,18.65,0.0181703860674793,0.429735845601907
"SP_COS_41",2000959,200714,"NAG",4.228268657,18.65,0.00440513434360453,0.10418293398438
"SP_COS_41",2000959,200714,"NAG",4.228268657,18.65,0.00548562623546448,0.129736936804687
"SP_COS_41",2000959,200714,"NAG",4.228268657,18.65,0.00553004763902118,0.130787518192962
"SP_COS_42",2000960,200714,"PHO",4.352261931,17.77,0.0397166134271111,0.912551083936844
"SP_COS_42",2000960,200714,"PHO",4.352261931,17.77,0.0322249224214244,0.740417808769616
"SP_COS_42",2000960,200714,"GLU",4.352261931,17.77,0.023664440847237,0.54372740479339
"SP_COS_42",2000960,200714,"GLU",4.352261931,17.77,0.0188187164920772,0.4323893366352
"SP_COS_42",2000960,200714,"GLU",4.352261931,17.77,0.0164168115081203,0.377201826737213
"SP_COS_42",2000960,200714,"NAG",4.352261931,17.77,0.00934413428282834,0.214696046124259
"SP_COS_42",2000960,200714,"NAG",4.352261931,17.77,0.00629193929316121,0.144567109997342
"SP_COS_42",2000960,200714,"NAG",4.352261931,17.77,0.00855494668159063,0.196563231193785
"SP_OT_11",2001182,200820,"PHO",3.025,17.7,0.03151804206144,1.04191874583273
"SP_OT_11",2001182,200820,"PHO",3.025,17.7,0.0255536518194676,0.844748820478268
"SP_OT_11",2001182,200820,"GLU",3.025,17.7,0.00988002836667284,0.326612507989185
"SP_OT_11",2001182,200820,"GLU",3.025,17.7,0.0090123073890349,0.297927516992889
"SP_OT_11",2001182,200820,"GLU",3.025,17.7,0.00999368440708438,0.330369732465599
"SP_OT_11",2001182,200820,"NAG",3.025,17.7,0.0057049199962418,0.188592396569977
"SP_OT_11",2001182,200820,"NAG",3.025,17.7,0.00614190149366543,0.203038065906295
"SP_OT_11",2001182,200820,"NAG",3.025,17.7,0.00576841610061172,0.190691441342536
"SP_ONT_21",2001184,200820,"PHO",3.467,18.92,0.0213698596532016,0.616378992016198
"SP_ONT_21",2001184,200820,"PHO",3.467,18.92,0.0228119076418751,0.657972530772284
"SP_ONT_21",2001184,200820,"GLU",3.467,18.92,0.00902519090949554,0.260317014984007
"SP_ONT_21",2001184,200820,"GLU",3.467,18.92,0.0106538527989825,0.30729312947743
"SP_ONT_21",2001184,200820,"GLU",3.467,18.92,0.00659948359596352,0.190351416093554
"SP_ONT_21",2001184,200820,"NAG",3.467,18.92,0.00409652622557216,0.118157664423772
"SP_ONT_21",2001184,200820,"NAG",3.467,18.92,0.00353996121332943,0.10210444803373
"SP_ONT_21",2001184,200820,"NAG",3.467,18.92,0.00391493498227086,0.112919959107899
"SP_COV_31",2001186,200820,"PHO",4.481,17.13,0.00899763993122788,0.200795356644228
"SP_COV_31",2001186,200820,"PHO",4.481,17.13,0.00765057815455944,0.17073372360097
"SP_COV_31",2001186,200820,"GLU",4.481,17.13,0.00418071327307072,0.0932986671071349
"SP_COV_31",2001186,200820,"GLU",4.481,17.13,0.0112412179533671,0.250864047162846
"SP_COV_31",2001186,200820,"GLU",4.481,17.13,0.0123068254887299,0.27464462148471
"SP_COV_31",2001186,200820,"NAG",4.481,17.13,0.00702467926248143,0.156765884009851
"SP_COV_31",2001186,200820,"NAG",4.481,17.13,0.00461959971187371,0.103093053154959
"SP_COV_31",2001186,200820,"NAG",4.481,17.13,0.00773275568222546,0.17256763405993
"SP_COV_32",2001187,200820,"PHO",6.492,23.78,0.0135990255966383,0.209473592061588
"SP_COV_32",2001187,200820,"PHO",6.492,23.78,0.0121279817207333,0.186814259407475
"SP_COV_32",2001187,200820,"GLU",6.492,23.78,0.00733190738068329,0.112937575179964
"SP_COV_32",2001187,200820,"GLU",6.492,23.78,0.00521921522622399,0.0803945660231668
"SP_COV_32",2001187,200820,"GLU",6.492,23.78,0.0222584653984951,0.342859910636091
"SP_COV_32",2001187,200820,"NAG",6.492,23.78,0.0107364427440525,0.165379586322436
"SP_COV_32",2001187,200820,"NAG",6.492,23.78,0.00916196994619744,0.141127078653688
"SP_COV_32",2001187,200820,"NAG",6.492,23.78,0.0103326981226565,0.159160476319416
"SP_OT_12",2001183,200820,"PHO",3.052,44.73,0.0328421482474061,1.07608611557687
"SP_OT_12",2001183,200820,"PHO",3.052,44.73,0.0109925978247273,0.360176861884906
"SP_OT_12",2001183,200820,"GLU",3.052,44.73,0.0134220322747209,0.439778252775915
"SP_OT_12",2001183,200820,"GLU",3.052,44.73,0.00555900712586033,0.182143090624519
"SP_OT_12",2001183,200820,"GLU",3.052,44.73,0.00858440401569671,0.281271429085738
"SP_OT_12",2001183,200820,"NAG",3.052,44.73,0.00708703130133517,0.232209413543092
"SP_OT_12",2001183,200820,"NAG",3.052,44.73,0.00564470861396274,0.184951134140326
"SP_OT_12",2001183,200820,"NAG",3.052,44.73,0.00656798017016876,0.215202495746028
"SP_ONT_22",2001185,200820,"PHO",4.333,21.02,0.024480986755057,0.564989308909693
"SP_ONT_22",2001185,200820,"PHO",4.333,21.02,0.00877379208810451,0.202487701087111
"SP_ONT_22",2001185,200820,"GLU",4.333,21.02,0.00331451417394814,0.0764946728351751
"SP_ONT_22",2001185,200820,"GLU",4.333,21.02,0.0106418057589775,0.245599025132184
"SP_ONT_22",2001185,200820,"GLU",4.333,21.02,0.00983951632858022,0.227083229369495
"SP_ONT_22",2001185,200820,"NAG",4.333,21.02,0.00312117812884085,0.0720327285677556
"SP_ONT_22",2001185,200820,"NAG",4.333,21.02,0.00343594656107147,0.0792971742689008
"SP_ONT_22",2001185,200820,"NAG",4.333,21.02,0.00337277764767271,0.0778393179707526
"SP_COS_41",2001188,200820,"PHO",4.29,20.06,0.0230920755301427,0.538276818884445
"SP_COS_41",2001188,200820,"PHO",4.29,20.06,0.0220275817885676,0.513463444954955
"SP_COS_41",2001188,200820,"GLU",4.29,20.06,0.00616142537405617,0.143622969092218
"SP_COS_41",2001188,200820,"GLU",4.29,20.06,0.00442064839708709,0.103045417181517
"SP_COS_41",2001188,200820,"GLU",4.29,20.06,0.0139378585461677,0.324891807602977
"SP_COS_41",2001188,200820,"NAG",4.29,20.06,0.00418402836975688,0.0975297988288317
"SP_COS_41",2001188,200820,"NAG",4.29,20.06,0.00465857387520034,0.108591465622386
"SP_COS_41",2001188,200820,"NAG",4.29,20.06,0.00485654588867297,0.113206197871165
"SP_COS_42",2001189,200820,"PHO",5.851,20.95,0.0125239678258525,0.214048330641814
"SP_COS_42",2001189,200820,"PHO",5.851,20.95,0.00778369113302349,0.133031808802316
"SP_COS_42",2001189,200820,"GLU",5.851,20.95,0.00608181285605877,0.103944844574582
"SP_COS_42",2001189,200820,"GLU",5.851,20.95,0.00421175540103431,0.0719835139469204
"SP_COS_42",2001189,200820,"GLU",5.851,20.95,0.00535413440790751,0.0915080226953941
"SP_COS_42",2001189,200820,"NAG",5.851,20.95,0.0047414319072709,0.0810362657198923
"SP_COS_42",2001189,200820,"NAG",5.851,20.95,0.00474139545542918,0.0810356427179829
"SP_COS_42",2001189,200820,"NAG",5.851,20.95,0.00670772134959889,0.114642306436488
"SP_OT_11",2001329,200922,"PHO",3.252,10.93,0.00431731017547711,0.132758615482076
"SP_OT_11",2001329,200922,"PHO",3.252,10.93,0.00521712639223289,0.16042824084357
"SP_OT_11",2001329,200922,"GLU",3.252,10.93,0.00135481022131954,0.0416608309138851
"SP_OT_11",2001329,200922,"GLU",3.252,10.93,0.00149850670723887,0.0460795420430158
"SP_OT_11",2001329,200922,"GLU",3.252,10.93,0.00147464001557235,0.045345633935189
"SP_OT_11",2001329,200922,"NAG",3.252,10.93,0.00106294187585931,0.0326857895405691
"SP_OT_11",2001329,200922,"NAG",3.252,10.93,0.000723147658400351,0.0222370128659394
"SP_OT_11",2001329,200922,"NAG",3.252,10.93,0.000831543229740463,0.0255702100166194
"SP_ONT_21",2001331,200922,"PHO",3.308,10.14,0.00365826836515336,0.110588523734987
"SP_ONT_21",2001331,200922,"PHO",3.308,10.14,0.00338255404784069,0.102253749934725
"SP_ONT_21",2001331,200922,"GLU",3.308,10.14,0.00171446237404992,0.0518277622143264
"SP_ONT_21",2001331,200922,"GLU",3.308,10.14,0.00168980514306073,0.0510823803827305
"SP_ONT_21",2001331,200922,"GLU",3.308,10.14,0.000881648090714751,0.0266519979055245
"SP_ONT_21",2001331,200922,"NAG",3.308,10.14,0.00105814591601494,0.0319874823462801
"SP_ONT_21",2001331,200922,"NAG",3.308,10.14,0.000935308557235637,0.0282741401824558
"SP_ONT_21",2001331,200922,"NAG",3.308,10.14,0.000920685914432293,0.0278321014036364
"SP_COV_31",2001333,200922,"PHO",4.929,13.66,0.00551049083086193,0.111797338828605
"SP_COV_31",2001333,200922,"PHO",4.929,13.66,0.00575466069991847,0.116751079324781
"SP_COV_31",2001333,200922,"GLU",4.929,13.66,0.00229107501580179,0.0464815381578776
"SP_COV_31",2001333,200922,"GLU",4.929,13.66,0.00230844035286174,0.0468338476944966
"SP_COV_31",2001333,200922,"GLU",4.929,13.66,0.00206174098559958,0.0418287885088168
"SP_COV_31",2001333,200922,"NAG",4.929,13.66,0.00102956556543292,0.0208879197693836
"SP_COV_31",2001333,200922,"NAG",4.929,13.66,0.000785253051590199,0.01593128528282
"SP_COV_31",2001333,200922,"NAG",4.929,13.66,0.00105357067203632,0.021374937553993
"SP_COV_32",2001334,200922,"PHO",4.935,14.34,0.00533796882314989,0.108165528331305
"SP_COV_32",2001334,200922,"PHO",4.935,14.34,0.00508079792824959,0.102954365314075
"SP_COV_32",2001334,200922,"GLU",4.935,14.34,0.00298146232377256,0.0604146367532433
"SP_COV_32",2001334,200922,"GLU",4.935,14.34,0.00181875343935258,0.0368541730365265
"SP_COV_32",2001334,200922,"GLU",4.935,14.34,0.00375750695462148,0.0761399585536268
"SP_COV_32",2001334,200922,"NAG",4.935,14.34,0.00177029552642655,0.0358722497756141
"SP_COV_32",2001334,200922,"NAG",4.935,14.34,0.00177846907558954,0.0360378738721285
"SP_COV_32",2001334,200922,"NAG",4.935,14.34,0.00180789563936407,0.0366341568260197
"SP_OT_12",2001330,200922,"PHO",2.995,11.57,0.00442504005716622,0.147747581207553
"SP_OT_12",2001330,200922,"PHO",2.995,11.57,0.00360543913412811,0.120381941039336
"SP_OT_12",2001330,200922,"GLU",2.995,11.57,0.00149392890612345,0.0498807648121351
"SP_OT_12",2001330,200922,"GLU",2.995,11.57,0.00160095453137031,0.0534542414480905
"SP_OT_12",2001330,200922,"GLU",2.995,11.57,0.00139891412807924,0.0467083181328627
"SP_OT_12",2001330,200922,"NAG",2.995,11.57,0.000629066566662659,0.0210038920421589
"SP_OT_12",2001330,200922,"NAG",2.995,11.57,0.000517423756735592,0.0172762523117059
"SP_OT_12",2001330,200922,"NAG",2.995,11.57,0.00057511464496403,0.0192024923193332
"SP_ONT_22",2001332,200922,"PHO",3.698,13.35,0.00372218076104245,0.10065388753495
"SP_ONT_22",2001332,200922,"PHO",3.698,13.35,0.00445224021474483,0.120395895477145
"SP_ONT_22",2001332,200922,"GLU",3.698,13.35,0.00162373872982832,0.0439085648953034
"SP_ONT_22",2001332,200922,"GLU",3.698,13.35,0.00179963595925542,0.0486651151772693
"SP_ONT_22",2001332,200922,"GLU",3.698,13.35,0.00143142213849291,0.0387080080717391
"SP_ONT_22",2001332,200922,"NAG",3.698,13.35,0.000588731530943763,0.0159202685490471
"SP_ONT_22",2001332,200922,"NAG",3.698,13.35,0.00065203840704649,0.0176321905637234
"SP_ONT_22",2001332,200922,"NAG",3.698,13.35,0.000537302010889925,0.0145295297698736
"SP_COS_41",2001335,200922,"PHO",4.363,14.07,0.00427538989791844,0.0979919756570808
"SP_COS_41",2001335,200922,"PHO",4.363,14.07,0.00361016167640151,0.0827449387210981
"SP_COS_41",2001335,200922,"GLU",4.363,14.07,0.0024756045347184,0.0567408786320971
"SP_COS_41",2001335,200922,"GLU",4.363,14.07,0.00218244363722199,0.0500216281737792
"SP_COS_41",2001335,200922,"GLU",4.363,14.07,0.00246259558958675,0.0564427134904136
"SP_COS_41",2001335,200922,"NAG",4.363,14.07,0.00118561092326947,0.0271742132310215
"SP_COS_41",2001335,200922,"NAG",4.363,14.07,0.00143481144703828,0.0328858915204739
"SP_COS_41",2001335,200922,"NAG",4.363,14.07,0.00133819291259808,0.0306713938253056
"SP_COS_42",2001336,200922,"PHO",5.942,18.48,0.00579446862619525,0.0975171428171532
"SP_COS_42",2001336,200922,"PHO",5.942,18.48,0.00744527202781375,0.125299091683166
"SP_COS_42",2001336,200922,"GLU",5.942,18.48,0.00407212310533899,0.0685311865590541
"SP_COS_42",2001336,200922,"GLU",5.942,18.48,0.00350953250321842,0.0590631521914914
"SP_COS_42",2001336,200922,"GLU",5.942,18.48,0.00282935286751436,0.0476161707760747
"SP_COS_42",2001336,200922,"NAG",5.942,18.48,0.00155430672291434,0.0261579724489118
"SP_COS_42",2001336,200922,"NAG",5.942,18.48,0.00137797404474672,0.0231904080233377
"SP_COS_42",2001336,200922,"NAG",5.942,18.48,0.0013941145723759,0.0234620426182413
"SP_OT_11",2001696,201104,"PHO",3.385,21.15,0.00285394772178052,0.0843116018251262
"SP_OT_11",2001696,201104,"PHO",3.385,21.15,0.00396473318340759,0.11712653422179
"SP_OT_11",2001696,201104,"GLU",3.385,21.15,0.00181335616718311,0.0535703446730609
"SP_OT_11",2001696,201104,"GLU",3.385,21.15,0.00198624910731527,0.0586779647655913
"SP_OT_11",2001696,201104,"GLU",3.385,21.15,0.0021630586292126,0.063901288898452
"SP_OT_11",2001696,201104,"NAG",3.385,21.15,0.000968171249222115,0.0286018094304909
"SP_OT_11",2001696,201104,"NAG",3.385,21.15,0.00101314124186788,0.0299303173373083
"SP_OT_11",2001696,201104,"NAG",3.385,21.15,0.000883078786060106,0.0260879995881863
"SP_ONT_21",2001698,201104,"PHO",3.388,20.82,0.00356869691607309,0.10533343908126
"SP_ONT_21",2001698,201104,"PHO",3.388,20.82,0.003973775491996,0.11728971345915
"SP_ONT_21",2001698,201104,"GLU",3.388,20.82,0.00181048728980202,0.0534382316942743
"SP_ONT_21",2001698,201104,"GLU",3.388,20.82,0.00175734102873195,0.0518695699153469
"SP_ONT_21",2001698,201104,"GLU",3.388,20.82,0.000803113321355394,0.0237046434874673
"SP_ONT_21",2001698,201104,"NAG",3.388,20.82,0.00117137120644227,0.0345741206151792
"SP_ONT_21",2001698,201104,"NAG",3.388,20.82,0.0010083105725836,0.0297612329570128
"SP_ONT_21",2001698,201104,"NAG",3.388,20.82,0.00093722818278802,0.0276631695037786
"SP_COV_31",2001700,201104,"PHO",4.295,20.7,0.00669486423344466,0.155875767949817
"SP_COV_31",2001700,201104,"PHO",4.295,20.7,0.00471957260166348,0.109885275940943
"SP_COV_31",2001700,201104,"GLU",4.295,20.7,0.000900965378973919,0.0209770751798351
"SP_COV_31",2001700,201104,"GLU",4.295,20.7,0.00225781173324425,0.052568375628504
"SP_COV_31",2001700,201104,"GLU",4.295,20.7,0.00299242570614735,0.0696723098055261
"SP_COV_31",2001700,201104,"NAG",4.295,20.7,0.00124286557248332,0.02893749877726
"SP_COV_31",2001700,201104,"NAG",4.295,20.7,0.000972358870954542,0.0226393217917239
"SP_COV_31",2001700,201104,"NAG",4.295,20.7,0.000959512804510969,0.0223402282773217
"SP_COV_32",2001701,201104,"PHO",5.366,23.34,0.00566979534242335,0.10566148606827
"SP_COV_32",2001701,201104,"PHO",5.366,23.34,0.0052538129274891,0.0979092979405349
"SP_COV_32",2001701,201104,"GLU",5.366,23.34,0.000760746533377459,0.0141771623812422
"SP_COV_32",2001701,201104,"GLU",5.366,23.34,0.000902826846465511,0.016824950549115
"SP_COV_32",2001701,201104,"GLU",5.366,23.34,0.00596589057720144,0.111179474044008
"SP_COV_32",2001701,201104,"NAG",5.366,23.34,0.0016746363285102,0.0312082804418599
"SP_COV_32",2001701,201104,"NAG",5.366,23.34,0.00179484982664656,0.0334485618085457
"SP_COV_32",2001701,201104,"NAG",5.366,23.34,0.00193606084779083,0.036080149977466
"SP_OT_12",2001697,201104,"PHO",3.26,21.93,0.00363826365085954,0.111603179474219
"SP_OT_12",2001697,201104,"PHO",3.26,21.93,0.00183205155507897,0.0561979004625451
"SP_OT_12",2001697,201104,"GLU",3.26,21.93,0.000850709821927846,0.0260953933106701
"SP_OT_12",2001697,201104,"GLU",3.26,21.93,0.000514259645228704,0.0157748357432118
"SP_OT_12",2001697,201104,"GLU",3.26,21.93,0.00116355556623185,0.0356918885347195
"SP_OT_12",2001697,201104,"NAG",3.26,21.93,0.000731820257381708,0.0224484741528131
"SP_OT_12",2001697,201104,"NAG",3.26,21.93,0.000630645096521356,0.0193449416110845
"SP_OT_12",2001697,201104,"NAG",3.26,21.93,0.000596674717805476,0.0183029054541557
"SP_ONT_22",2001699,201104,"PHO",4.323,23.22,0.00479413544252687,0.110898344726506
"SP_ONT_22",2001699,201104,"PHO",4.323,23.22,0.00151193689399564,0.0349742515381827
"SP_ONT_22",2001699,201104,"GLU",4.323,23.22,0.0009734906331068,0.0225188672937034
"SP_ONT_22",2001699,201104,"GLU",4.323,23.22,0.00189210672790177,0.0437683721466984
"SP_ONT_22",2001699,201104,"GLU",4.323,23.22,0.00184091741714255,0.0425842567000359
"SP_ONT_22",2001699,201104,"NAG",4.323,23.22,0.000833918431407551,0.0192902713719073
"SP_ONT_22",2001699,201104,"NAG",4.323,23.22,0.000960785769691708,0.022224977323426
"SP_ONT_22",2001699,201104,"NAG",4.323,23.22,0.000773491993185616,0.0178924819150038
"SP_COS_41",2001702,201104,"PHO",4.119,20.59,0.00344895786324821,0.0837328930140377
"SP_COS_41",2001702,201104,"PHO",4.119,20.59,0.00363710610191598,0.0883007065286716
"SP_COS_41",2001702,201104,"GLU",4.119,20.59,0.00159769442054504,0.0387884054514455
"SP_COS_41",2001702,201104,"GLU",4.119,20.59,0.000407126075920134,0.00988409992522781
"SP_COS_41",2001702,201104,"GLU",4.119,20.59,0.00222981799865008,0.054134935631223
"SP_COS_41",2001702,201104,"NAG",4.119,20.59,0.000959998607666296,0.023306594019575
"SP_COS_41",2001702,201104,"NAG",4.119,20.59,0.000803089344161575,0.0194971921379358
"SP_COS_41",2001702,201104,"NAG",4.119,20.59,0.000807916311452194,0.019614379981845
"SP_COS_42",2001703,201104,"PHO",4.697,22,0.00337510053760578,0.0718565155973127
"SP_COS_42",2001703,201104,"PHO",4.697,22,0.000838317599745462,0.0178479369756326
"SP_COS_42",2001703,201104,"GLU",4.697,22,0.000533748373935037,0.0113636017444121
"SP_COS_42",2001703,201104,"GLU",4.697,22,0.000811087038186005,0.0172681932762615
"SP_COS_42",2001703,201104,"GLU",4.697,22,0.000618218823298354,0.0131619932573633
"SP_COS_42",2001703,201104,"NAG",4.697,22,0.000819817797046136,0.0174540727495451
"SP_COS_42",2001703,201104,"NAG",4.697,22,0.000707789679115994,0.0150689733684478
"SP_COS_42",2001703,201104,"NAG",4.697,22,0.000851915097913979,0.0181374302302316
"SP_OT_11",2100309,210311,"PHO",3.127,21.4,0.0048856882693698,0.156242029720812
"SP_OT_11",2100309,210311,"PHO",3.127,21.4,0.00499726891826501,0.159810326775344
"SP_OT_11",2100309,210311,"GLU",3.127,21.4,0.00174646357258909,0.0558510896254904
"SP_OT_11",2100309,210311,"GLU",3.127,21.4,0.00178635068689563,0.0571266609176729
"SP_OT_11",2100309,210311,"GLU",3.127,21.4,0.00164003911626976,0.0524476852021029
"SP_OT_11",2100309,210311,"NAG",3.127,21.4,0.000749574384798883,0.0239710388487011
"SP_OT_11",2100309,210311,"NAG",3.127,21.4,0.00096632333128584,0.0309025689570144
"SP_OT_11",2100309,210311,"NAG",3.127,21.4,0.00119538130685786,0.0382277360683677
"SP_ONT_21",2100311,210311,"PHO",3.226,21.33,0.00426468745442702,0.132197379244483
"SP_ONT_21",2100311,210311,"PHO",3.226,21.33,0.00407742763596813,0.126392673154623
"SP_ONT_21",2100311,210311,"GLU",3.226,21.33,0.00162616897582386,0.0504082137577143
"SP_ONT_21",2100311,210311,"GLU",3.226,21.33,0.00179577322041661,0.0556656298951211
"SP_ONT_21",2100311,210311,"GLU",3.226,21.33,0.00162270029749378,0.0503006911808363
"SP_ONT_21",2100311,210311,"NAG",3.226,21.33,0.000863458037802525,0.0267655932362841
"SP_ONT_21",2100311,210311,"NAG",3.226,21.33,0.000824800919554715,0.0255672944685281
"SP_ONT_21",2100311,210311,"NAG",3.226,21.33,0.00086395051724539,0.0267808591830561
"SP_COV_31",2100313,210311,"PHO",3.709,20.34,0.00688222595449505,0.185554757468187
"SP_COV_31",2100313,210311,"PHO",3.709,20.34,0.0066016332927283,0.177989573813111
"SP_COV_31",2100313,210311,"GLU",3.709,20.34,0.00318079655991719,0.0857588719309029
"SP_COV_31",2100313,210311,"GLU",3.709,20.34,0.00341845794374537,0.0921665662913284
"SP_COV_31",2100313,210311,"GLU",3.709,20.34,0.00317291669826437,0.0855464194732911
"SP_COV_31",2100313,210311,"NAG",3.709,20.34,0.00102406748563651,0.0276103393269483
"SP_COV_31",2100313,210311,"NAG",3.709,20.34,0.00088528933019374,0.0238686797032553
"SP_COV_31",2100313,210311,"NAG",3.709,20.34,0.00103532252412585,0.0279137914296536
"SP_COV_32",2100314,210311,"PHO",4.927,20.55,0.00856645186609732,0.173867502863757
"SP_COV_32",2100314,210311,"PHO",4.927,20.55,0.00717902016916595,0.145707736333792
"SP_COV_32",2100314,210311,"GLU",4.927,20.55,0.00402925872500224,0.0817791500913789
"SP_COV_32",2100314,210311,"GLU",4.927,20.55,0.00550298964394683,0.111690473796364
"SP_COV_32",2100314,210311,"GLU",4.927,20.55,0.00429589107283317,0.0871908072424025
"SP_COV_32",2100314,210311,"NAG",4.927,20.55,0.00158520175937834,0.0321737722626008
"SP_COV_32",2100314,210311,"NAG",4.927,20.55,0.00134632220587036,0.0273253948826946
"SP_COV_32",2100314,210311,"NAG",4.927,20.55,0.00152989900647585,0.0310513295408129
"SP_OT_12",2100310,210311,"PHO",3.08,20.28,0.00579099799539045,0.188019415434755
"SP_OT_12",2100310,210311,"PHO",3.08,20.28,0.00588236219621163,0.190985785591287
"SP_OT_12",2100310,210311,"GLU",3.08,20.28,0.00237420131408887,0.0770844582496387
"SP_OT_12",2100310,210311,"GLU",3.08,20.28,0.0027147702328504,0.0881418906769609
"SP_OT_12",2100310,210311,"GLU",3.08,20.28,0.00223653555587055,0.0726147907750177
"SP_OT_12",2100310,210311,"NAG",3.08,20.28,0.000789110234442919,0.0256204621572376
"SP_OT_12",2100310,210311,"NAG",3.08,20.28,0.000735778553822819,0.0238889140851565
"SP_OT_12",2100310,210311,"NAG",3.08,20.28,0.000664152800884401,0.0215634026261169
"SP_ONT_22",2100312,210311,"PHO",3.731,21.25,0.0066133797698393,0.177254885281139
"SP_ONT_22",2100312,210311,"PHO",3.731,21.25,0.00596973462080337,0.160003608169482
"SP_ONT_22",2100312,210311,"GLU",3.731,21.25,0.00217192858080973,0.0582130415655248
"SP_ONT_22",2100312,210311,"GLU",3.731,21.25,0.00258871693341735,0.0693839971433222
"SP_ONT_22",2100312,210311,"GLU",3.731,21.25,0.00317980264820483,0.0852265518146564
"SP_ONT_22",2100312,210311,"NAG",3.731,21.25,0.00094139065887741,0.0252315909642833
"SP_ONT_22",2100312,210311,"NAG",3.731,21.25,0.000673061396231314,0.0180397050718658
"SP_ONT_22",2100312,210311,"NAG",3.731,21.25,0.0014262398899774,0.0382267459120182
"SP_COS_41",2100315,210311,"PHO",3.951,20.29,0.00597102926025931,0.151127037718535
"SP_COS_41",2100315,210311,"PHO",3.951,20.29,0.00560687887151576,0.141910373867774
"SP_COS_41",2100315,210311,"GLU",3.951,20.29,0.0026496934487496,0.0670638686092026
"SP_COS_41",2100315,210311,"GLU",3.951,20.29,0.00251110334855082,0.0635561465084995
"SP_COS_41",2100315,210311,"GLU",3.951,20.29,0.00288674674927624,0.0730636990452098
"SP_COS_41",2100315,210311,"NAG",3.951,20.29,0.00115591294683062,0.0292562122710862
"SP_COS_41",2100315,210311,"NAG",3.951,20.29,0.00116721787772359,0.0295423406156313
"SP_COS_41",2100315,210311,"NAG",3.951,20.29,0.00113341082364769,0.0286866824512198
"SP_COS_42",2100316,210311,"PHO",4.595,21.94,0.00530806314931541,0.115518240463883
"SP_COS_42",2100316,210311,"PHO",4.595,21.94,0.00640156217444641,0.139315825341598
"SP_COS_42",2100316,210311,"GLU",4.595,21.94,0.00395695265655894,0.0861143124387147
"SP_COS_42",2100316,210311,"GLU",4.595,21.94,0.00277879385231137,0.0604742949360472
"SP_COS_42",2100316,210311,"GLU",4.595,21.94,0.00303364324175139,0.066020527568039
"SP_COS_42",2100316,210311,"NAG",4.595,21.94,0.00121246387516896,0.0263865914073768
"SP_COS_42",2100316,210311,"NAG",4.595,21.94,0.00092561018492464,0.020143856037533
"SP_COS_42",2100316,210311,"NAG",4.595,21.94,0.00112062898121464,0.0243880082962925
"SP_OT_11",2100624,210512,"PHO",2.172,14.81,0.00461629515364249,0.212536609283724
"SP_OT_11",2100624,210512,"PHO",2.172,14.81,0.00502622717076891,0.231410090735217
"SP_OT_11",2100624,210512,"GLU",2.172,14.81,0.00176285330517974,0.0811626751924373
"SP_OT_11",2100624,210512,"GLU",2.172,14.81,0.00165889461323364,0.0763763634085469
"SP_OT_11",2100624,210512,"GLU",2.172,14.81,0.00198049524392199,0.0911830222800178
"SP_OT_11",2100624,210512,"NAG",2.172,14.81,0.00150559011512827,0.0693181452637325
"SP_OT_11",2100624,210512,"NAG",2.172,14.81,0.0011061017174994,0.0509254934391991
"SP_OT_11",2100624,210512,"NAG",2.172,14.81,0.000927335971891134,0.0426950263301627
"SP_ONT_21",2100626,210512,"PHO",3.033,18.55,0.00467967600425203,0.154291988270756
"SP_ONT_21",2100626,210512,"PHO",3.033,18.55,0.00510961293014218,0.168467290805875
"SP_ONT_21",2100626,210512,"GLU",3.033,18.55,0.00223146224986866,0.0735727744763818
"SP_ONT_21",2100626,210512,"GLU",3.033,18.55,0.00256485630350101,0.0845649951698323
"SP_ONT_21",2100626,210512,"GLU",3.033,18.55,0.00223959447105045,0.0738408991444263
"SP_ONT_21",2100626,210512,"NAG",3.033,18.55,0.000831405249722292,0.0274119765816779
"SP_ONT_21",2100626,210512,"NAG",3.033,18.55,0.000771941216181149,0.0254514083805193
"SP_ONT_21",2100626,210512,"NAG",3.033,18.55,0.000800112877568174,0.0263802465403288
"SP_COV_31",2100628,210512,"PHO",3.928,19.07,0.0080676912465251,0.20538928835349
"SP_COV_31",2100628,210512,"PHO",3.928,19.07,0.00795217937174354,0.202448558343777
"SP_COV_31",2100628,210512,"GLU",3.928,19.07,0.0018578701142545,0.0472981189983325
"SP_COV_31",2100628,210512,"GLU",3.928,19.07,0.00257840505053132,0.0656416764391885
"SP_COV_31",2100628,210512,"GLU",3.928,19.07,0.00276141674262951,0.0703008335699977
"SP_COV_31",2100628,210512,"NAG",3.928,19.07,0.00100264588353835,0.0255256080330538
"SP_COV_31",2100628,210512,"NAG",3.928,19.07,0.000964303113091498,0.0245494682558935
"SP_COV_31",2100628,210512,"NAG",3.928,19.07,0.000841460147370255,0.0214221015114627
"SP_COV_32",2100629,210512,"PHO",4.553,19.21,0.00652362301414266,0.143281858426151
"SP_COV_32",2100629,210512,"PHO",4.553,19.21,0.00887709185360611,0.194972366650694
"SP_COV_32",2100629,210512,"GLU",4.553,19.21,0.00470234839303786,0.103280219482492
"SP_COV_32",2100629,210512,"GLU",4.553,19.21,0.00357403133295836,0.0784983820109459
"SP_COV_32",2100629,210512,"GLU",4.553,19.21,0.00392356308373326,0.0861753367830717
"SP_COV_32",2100629,210512,"NAG",4.553,19.21,0.00143968859754236,0.0316206588522373
"SP_COV_32",2100629,210512,"NAG",4.553,19.21,0.00181723004457868,0.0399128057232305
"SP_COV_32",2100629,210512,"NAG",4.553,19.21,0.00202760840385962,0.0445334593424031
"SP_OT_12",2100625,210512,"PHO",3.063,20.24,0.00548290033926868,0.17900425528138
"SP_OT_12",2100625,210512,"PHO",3.063,20.24,0.00543499140530554,0.177440137293684
"SP_OT_12",2100625,210512,"GLU",3.063,20.24,0.00202106293109877,0.065983118873613
"SP_OT_12",2100625,210512,"GLU",3.063,20.24,0.00197169765813567,0.0643714547220263
"SP_OT_12",2100625,210512,"GLU",3.063,20.24,0.00232483968728232,0.0759007406882898
"SP_OT_12",2100625,210512,"NAG",3.063,20.24,0.0010349035018902,0.0337872511227619
"SP_OT_12",2100625,210512,"NAG",3.063,20.24,0.000840313500200104,0.0274343290956612
"SP_OT_12",2100625,210512,"NAG",3.063,20.24,0.000757521145843145,0.0247313465831912
"SP_ONT_22",2100627,210512,"PHO",3.519,20.05,0.0054658500253722,0.15532395639023
"SP_ONT_22",2100627,210512,"PHO",3.519,20.05,0.00845273007334037,0.24020261646321
"SP_ONT_22",2100627,210512,"GLU",3.519,20.05,0.00187163720283673,0.0531866212798161
"SP_ONT_22",2100627,210512,"GLU",3.519,20.05,0.00226326154909869,0.0643154745410256
"SP_ONT_22",2100627,210512,"GLU",3.519,20.05,0.00303629750041069,0.0862829639218724
"SP_ONT_22",2100627,210512,"NAG",3.519,20.05,0.000798859808015724,0.0227013301510578
"SP_ONT_22",2100627,210512,"NAG",3.519,20.05,0.000827851920037495,0.0235252037521311
"SP_ONT_22",2100627,210512,"NAG",3.519,20.05,0.00101415582059683,0.0288194322420241
"SP_COS_41",2100630,210512,"PHO",3.726,20.02,0.00505945929240588,0.135787957391462
"SP_COS_41",2100630,210512,"PHO",3.726,20.02,0.00635902579926134,0.170666285541099
"SP_COS_41",2100630,210512,"GLU",3.726,20.02,0.00251045481738091,0.0673766725008295
"SP_COS_41",2100630,210512,"GLU",3.726,20.02,0.00338154832988178,0.0907554570553351
"SP_COS_41",2100630,210512,"GLU",3.726,20.02,0.00309429558624398,0.0830460436458394
"SP_COS_41",2100630,210512,"NAG",3.726,20.02,0.00119378011271575,0.0320391871367621
"SP_COS_41",2100630,210512,"NAG",3.726,20.02,0.00119114101127146,0.0319683577904311
"SP_COS_41",2100630,210512,"NAG",3.726,20.02,0.00120407071732505,0.0323153708353475
"SP_COS_42",2100631,210512,"PHO",4.584,21.49,0.00723443652323108,0.157819295882004
"SP_COS_42",2100631,210512,"PHO",4.584,21.49,0.00266014012359308,0.0580309800085751
"SP_COS_42",2100631,210512,"GLU",4.584,21.49,0.00437845649227349,0.0955160665853729
"SP_COS_42",2100631,210512,"GLU",4.584,21.49,0.00392144701416189,0.0855464008325019
"SP_COS_42",2100631,210512,"GLU",4.584,21.49,0.00430231781134132,0.0938551005964511
"SP_COS_42",2100631,210512,"NAG",4.584,21.49,0.00187167739194593,0.040830658637564
"SP_COS_42",2100631,210512,"NAG",4.584,21.49,0.0012748055886466,0.0278098950402836
"SP_COS_42",2100631,210512,"NAG",4.584,21.49,0.00140145431074331,0.0305727380179604
"SP_OT_11",2100860,210609,"PHO",3.393,15.41,0.00496654118617772,0.146376103335624
"SP_OT_11",2100860,210609,"PHO",3.393,15.41,0.00481234971568545,0.141831703969509
"SP_OT_11",2100860,210609,"GLU",3.393,15.41,0.0019337518878052,0.0569923928029826
"SP_OT_11",2100860,210609,"GLU",3.393,15.41,0.00204701248022917,0.0603304591874203
"SP_OT_11",2100860,210609,"GLU",3.393,15.41,0.00185435028376331,0.0546522335326646
"SP_OT_11",2100860,210609,"NAG",3.393,15.41,0.000976683219529817,0.028785240776004
"SP_OT_11",2100860,210609,"NAG",3.393,15.41,0.000834211088609168,0.0245862389805237
"SP_OT_11",2100860,210609,"NAG",3.393,15.41,0.00103327085134507,0.0304530165442107
"SP_ONT_21",2100862,210609,"PHO",3.867,20.8,0.0052255889689299,0.135132892912591
"SP_ONT_21",2100862,210609,"PHO",3.867,20.8,0.00452234938522139,0.116947230028999
"SP_ONT_21",2100862,210609,"GLU",3.867,20.8,0.00216134038962693,0.0558919159458737
"SP_ONT_21",2100862,210609,"GLU",3.867,20.8,0.00221937541024691,0.0573926922742931
"SP_ONT_21",2100862,210609,"GLU",3.867,20.8,0.00188527674440923,0.0487529543421059
"SP_ONT_21",2100862,210609,"NAG",3.867,20.8,0.000951651956994409,0.0246095670285598
"SP_ONT_21",2100862,210609,"NAG",3.867,20.8,0.000899192262663195,0.0232529677440702
"SP_ONT_21",2100862,210609,"NAG",3.867,20.8,0.00100470210057048,0.0259814352358542
"SP_COV_31",2100864,210609,"PHO",4.342,15.84,0.00549609197370985,0.126579732236524
"SP_COV_31",2100864,210609,"PHO",4.342,15.84,0.00603595632022626,0.139013273151227
"SP_COV_31",2100864,210609,"GLU",4.342,15.84,0.00215425091585575,0.0496142541652636
"SP_COV_31",2100864,210609,"GLU",4.342,15.84,0.00204382466260209,0.0470710424367132
"SP_COV_31",2100864,210609,"GLU",4.342,15.84,0.00181779490357967,0.0418653823947415
"SP_COV_31",2100864,210609,"NAG",4.342,15.84,0.000825511998361087,0.0190122523804949
"SP_COV_31",2100864,210609,"NAG",4.342,15.84,0.000652354357056747,0.0150242827511918
"SP_COV_31",2100864,210609,"NAG",4.342,15.84,0.00089858456980773,0.0206951766422784
"SP_COV_32",2100865,210609,"PHO",4.807,16.46,0.00629806715374073,0.131018663485349
"SP_COV_32",2100865,210609,"PHO",4.807,16.46,0.00670292944003212,0.139441011858376
"SP_COV_32",2100865,210609,"GLU",4.807,16.46,0.0044262526822562,0.0920793152123195
"SP_COV_32",2100865,210609,"GLU",4.807,16.46,0.00483982672523997,0.100682894221759
"SP_COV_32",2100865,210609,"GLU",4.807,16.46,0.00527037825391749,0.109639655791918
"SP_COV_32",2100865,210609,"NAG",4.807,16.46,0.00197256728052718,0.041035308519392
"SP_COV_32",2100865,210609,"NAG",4.807,16.46,0.00198271860445781,0.0412464864667737
"SP_COV_32",2100865,210609,"NAG",4.807,16.46,0.00162697892392013,0.033846035446643
"SP_OT_12",2100861,210609,"PHO",3.076,15.36,0.00377113315138225,0.122598607002024
"SP_OT_12",2100861,210609,"PHO",3.076,15.36,0.0039728593639632,0.129156676331704
"SP_OT_12",2100861,210609,"GLU",3.076,15.36,0.00149534233950337,0.0486132099968585
"SP_OT_12",2100861,210609,"GLU",3.076,15.36,0.00147448884917863,0.047935268178759
"SP_OT_12",2100861,210609,"GLU",3.076,15.36,0.00120662575816537,0.0392271052719562
"SP_OT_12",2100861,210609,"NAG",3.076,15.36,0.000454768616505927,0.0147844153610509
"SP_OT_12",2100861,210609,"NAG",3.076,15.36,0.000591804215611114,0.0192394088300102
"SP_OT_12",2100861,210609,"NAG",3.076,15.36,0.00057276982689204,0.018620605555658
"SP_ONT_22",2100863,210609,"PHO",3.877,20.4,0.00459711317554905,0.118573979250685
"SP_ONT_22",2100863,210609,"PHO",3.877,20.4,0.00390607026199505,0.100749813309132
"SP_ONT_22",2100863,210609,"GLU",3.877,20.4,0.0027469928484637,0.0708535684411581
"SP_ONT_22",2100863,210609,"GLU",3.877,20.4,0.00279373624563716,0.072059227382955
"SP_ONT_22",2100863,210609,"GLU",3.877,20.4,0.00261396327165344,0.0674223180720516
"SP_ONT_22",2100863,210609,"NAG",3.877,20.4,0.000874657917040617,0.0225601732535625
"SP_ONT_22",2100863,210609,"NAG",3.877,20.4,0.000628940965485859,0.0162223617613067
"SP_ONT_22",2100863,210609,"NAG",3.877,20.4,0.000732005347851765,0.0188807157041982
"SP_COS_41",2100866,210609,"PHO",4.523,20.95,0.00544011977149101,0.120276802376542
"SP_COS_41",2100866,210609,"PHO",4.523,20.95,0.00485745831173852,0.107394612242726
"SP_COS_41",2100866,210609,"GLU",4.523,20.95,0.00231207914492099,0.0511182654194339
"SP_COS_41",2100866,210609,"GLU",4.523,20.95,0.00222062890428683,0.0490963719718511
"SP_COS_41",2100866,210609,"GLU",4.523,20.95,0.003450999418675,0.0762989037956003
"SP_COS_41",2100866,210609,"NAG",4.523,20.95,0.00122733576146361,0.0271354358050765
"SP_COS_41",2100866,210609,"NAG",4.523,20.95,0.00106609678669691,0.0235705679128213
"SP_COS_41",2100866,210609,"NAG",4.523,20.95,0.00117468299276974,0.0259713241823952
"SP_COS_42",2100867,210609,"PHO",4.949,19,0.00645415354339487,0.130413286389066
"SP_COS_42",2100867,210609,"PHO",4.949,19,0.00749182805519849,0.151380643669398
"SP_COS_42",2100867,210609,"GLU",4.949,19,0.00520380892963909,0.105148695284686
"SP_COS_42",2100867,210609,"GLU",4.949,19,0.00328416070504535,0.0663600869881866
"SP_COS_42",2100867,210609,"GLU",4.949,19,0.00372028446300972,0.0751724482321625
"SP_COS_42",2100867,210609,"NAG",4.949,19,0.00190229365413426,0.0384379400714137
"SP_COS_42",2100867,210609,"NAG",4.949,19,0.00124242353396457,0.0251045369562451
"SP_COS_42",2100867,210609,"NAG",4.949,19,0.00123658695878074,0.0249866025213324
"SP_OT_11",2101264,210715,"PHO",2.757,11.38,0.00619560708501243,0.224722781465812
"SP_OT_11",2101264,210715,"PHO",2.757,11.38,0.00612868512889845,0.222295434490332
"SP_OT_11",2101264,210715,"GLU",2.757,11.38,0.00245323282261188,0.0889819667251317
"SP_OT_11",2101264,210715,"GLU",2.757,11.38,0.00243799455100292,0.0884292546609693
"SP_OT_11",2101264,210715,"GLU",2.757,11.38,0.00229223547041464,0.0831423819519276
"SP_OT_11",2101264,210715,"NAG",2.757,11.38,0.0010756007736087,0.0390134484442762
"SP_OT_11",2101264,210715,"NAG",2.757,11.38,0.00109074707204922,0.0395628245211905
"SP_OT_11",2101264,210715,"NAG",2.757,11.38,0.00130682836198724,0.047400375842845
"SP_ONT_21",2101266,210715,"PHO",3.482,15.02,0.00485138389162876,0.13932750981128
"SP_ONT_21",2101266,210715,"PHO",3.482,15.02,0.0054353427982866,0.156098299778478
"SP_ONT_21",2101266,210715,"GLU",3.482,15.02,0.00363598190387636,0.104422225843663
"SP_ONT_21",2101266,210715,"GLU",3.482,15.02,0.00303754115005877,0.0872355298695798
"SP_ONT_21",2101266,210715,"GLU",3.482,15.02,0.00213644852715835,0.0613569364491198
"SP_ONT_21",2101266,210715,"NAG",3.482,15.02,0.00122371525680092,0.035144033796695
"SP_ONT_21",2101266,210715,"NAG",3.482,15.02,0.00112137833672423,0.0322050067985132
"SP_ONT_21",2101266,210715,"NAG",3.482,15.02,0.00112968112490108,0.0324434556261079
"SP_COV_31",2101268,210715,"PHO",3.475,11.72,0.00617143019717015,0.17759511358763
"SP_COV_31",2101268,210715,"PHO",3.475,11.72,0.00598978827601527,0.172368007942885
"SP_COV_31",2101268,210715,"GLU",3.475,11.72,0.00240146206219043,0.0691068219335374
"SP_COV_31",2101268,210715,"GLU",3.475,11.72,0.00289365762017055,0.0832707228826058
"SP_COV_31",2101268,210715,"GLU",3.475,11.72,0.00268992555738152,0.0774079297088206
"SP_COV_31",2101268,210715,"NAG",3.475,11.72,0.000907306779353048,0.026109547607282
"SP_COV_31",2101268,210715,"NAG",3.475,11.72,0.000779864939075639,0.0224421565201623
"SP_COV_31",2101268,210715,"NAG",3.475,11.72,0.000935805450462112,0.0269296532507083
"SP_COV_32",2101269,210715,"PHO",4.718,17.9,0.0078455395681193,0.166289520307743
"SP_COV_32",2101269,210715,"PHO",4.718,17.9,0.00736082177296824,0.156015722190933
"SP_COV_32",2101269,210715,"GLU",4.718,17.9,0.00410589181379893,0.0870261088130337
"SP_COV_32",2101269,210715,"GLU",4.718,17.9,0.00421304282499525,0.0892972196904461
"SP_COV_32",2101269,210715,"GLU",4.718,17.9,0.00496578692611818,0.105251948412848
"SP_COV_32",2101269,210715,"NAG",4.718,17.9,0.00273482752525562,0.0579658229176688
"SP_COV_32",2101269,210715,"NAG",4.718,17.9,0.00197410357707986,0.0418419579711713
"SP_COV_32",2101269,210715,"NAG",4.718,17.9,0.00183336353773938,0.0388589134747642
"SP_OT_12",2101265,210715,"PHO",2.788,11.18,0.00775978213234076,0.278327910055264
"SP_OT_12",2101265,210715,"PHO",2.788,11.18,0.00769141693752744,0.27587578685536
"SP_OT_12",2101265,210715,"GLU",2.788,11.18,0.00215689777244133,0.0773636216801051
"SP_OT_12",2101265,210715,"GLU",2.788,11.18,0.00219667218686415,0.0787902506048833
"SP_OT_12",2101265,210715,"GLU",2.788,11.18,0.00170190462174894,0.0610439247399189
"SP_OT_12",2101265,210715,"NAG",2.788,11.18,0.000908613956923563,0.0325901706213617
"SP_OT_12",2101265,210715,"NAG",2.788,11.18,0.000882543513478131,0.0316550758062457
"SP_OT_12",2101265,210715,"NAG",2.788,11.18,0.000718247551489959,0.025762107298779
"SP_ONT_22",2101267,210715,"PHO",3.217,13.53,0.00568170914306757,0.17661514277487
"SP_ONT_22",2101267,210715,"PHO",3.217,13.53,0.00437947516058646,0.136135379564391
"SP_ONT_22",2101267,210715,"GLU",3.217,13.53,0.00241352838677083,0.0750241960450988
"SP_ONT_22",2101267,210715,"GLU",3.217,13.53,0.00336633351945464,0.104642011795295
"SP_ONT_22",2101267,210715,"GLU",3.217,13.53,0.00279679229367405,0.0869379015751957
"SP_ONT_22",2101267,210715,"NAG",3.217,13.53,0.00115256251539384,0.0358272463597711
"SP_ONT_22",2101267,210715,"NAG",3.217,13.53,0.000933764190457962,0.0290259306949942
"SP_ONT_22",2101267,210715,"NAG",3.217,13.53,0.00128299628114988,0.0398817619257034
"SP_COS_41",2101270,210715,"PHO",4.342,15.78,0.00613261913666344,0.141239501074699
"SP_COS_41",2101270,210715,"PHO",4.342,15.78,0.00605675613225876,0.139492310738341
"SP_COS_41",2101270,210715,"GLU",4.342,15.78,0.00580414979690852,0.133674569251693
"SP_COS_41",2101270,210715,"GLU",4.342,15.78,0.00404650300124272,0.0931944495910345
"SP_COS_41",2101270,210715,"GLU",4.342,15.78,0.00614956959019488,0.141629884619873
"SP_COS_41",2101270,210715,"NAG",4.342,15.78,0.00169251885338146,0.0389801670516228
"SP_COS_41",2101270,210715,"NAG",4.342,15.78,0.00205302600841595,0.0472829573564245
"SP_COS_41",2101270,210715,"NAG",4.342,15.78,0.00175029165691137,0.0403107244797644
"SP_COS_42",2101271,210715,"PHO",4.896,19.45,0.00694296874279478,0.141809002099567
"SP_COS_42",2101271,210715,"PHO",4.896,19.45,0.00651007622092018,0.13296724307435
"SP_COS_42",2101271,210715,"GLU",4.896,19.45,0.00438614778213949,0.0895863517593849
"SP_COS_42",2101271,210715,"GLU",4.896,19.45,0.00271061325395838,0.0553638328014375
"SP_COS_42",2101271,210715,"GLU",4.896,19.45,0.00352176994100341,0.0719315755923898
"SP_COS_42",2101271,210715,"NAG",4.896,19.45,0.00190533270480216,0.0389161091667107
"SP_COS_42",2101271,210715,"NAG",4.896,19.45,0.00150114773616234,0.0306606972255379
"SP_COS_42",2101271,210715,"NAG",4.896,19.45,0.00181185766383587,0.0370068967286739
"SP_OT_11",2101499,210821,"PHO",3.026,15.37,0.00584113291769425,0.193031491001132
"SP_OT_11",2101499,210821,"PHO",3.026,15.37,0.00525265160742671,0.173583992314168
"SP_OT_11",2101499,210821,"GLU",3.026,15.37,0.00206466312177809,0.0682307707130896
"SP_OT_11",2101499,210821,"GLU",3.026,15.37,0.00150581146610251,0.0497624410476705
"SP_OT_11",2101499,210821,"GLU",3.026,15.37,0.0018516206117724,0.0611903705146199
"SP_OT_11",2101499,210821,"NAG",3.026,15.37,0.000824813674045813,0.0272575569744155
"SP_OT_11",2101499,210821,"NAG",3.026,15.37,0.00127246343158562,0.0420510056703774
"SP_OT_11",2101499,210821,"NAG",3.026,15.37,0.000835452722030952,0.0276091448126554
"SP_ONT_21",2101501,210821,"PHO",2.751,10.03,0.00358054430132474,0.130154282127399
"SP_ONT_21",2101501,210821,"PHO",2.751,10.03,0.00357992867236382,0.130131903757318
"SP_ONT_21",2101501,210821,"GLU",2.751,10.03,0.0015662679193385,0.056934493614631
"SP_ONT_21",2101501,210821,"GLU",2.751,10.03,0.00170633583375807,0.0620260208563457
"SP_ONT_21",2101501,210821,"GLU",2.751,10.03,0.00160154142091453,0.0582167001422948
"SP_ONT_21",2101501,210821,"NAG",2.751,10.03,0.000512859568719933,0.0186426597135563
"SP_ONT_21",2101501,210821,"NAG",2.751,10.03,0.000552217463799502,0.0200733356524719
"SP_ONT_21",2101501,210821,"NAG",2.751,10.03,0.000412295183530078,0.0149871022729945
"SP_COV_31",2101503,210821,"PHO",3.912,15.33,0.00430068885866241,0.109935809270511
"SP_COV_31",2101503,210821,"PHO",3.912,15.33,0.00779175703277496,0.199175793271343
"SP_COV_31",2101503,210821,"GLU",3.912,15.33,0.00167823274913914,0.0428996101518184
"SP_COV_31",2101503,210821,"GLU",3.912,15.33,0.001565937993586,0.040029089815593
"SP_COV_31",2101503,210821,"GLU",3.912,15.33,0.00171405027383044,0.0438151910488353
"SP_COV_31",2101503,210821,"NAG",3.912,15.33,0.000692677855034065,0.0177064891368626
"SP_COV_31",2101503,210821,"NAG",3.912,15.33,0.000422233060185863,0.0107932786346079
"SP_COV_31",2101503,210821,"NAG",3.912,15.33,0.00284082373161598,0.0726181935484659
"SP_COV_32",2101504,210821,"PHO",4.12,17.78,0.00617837655625785,0.149960596025676
"SP_COV_32",2101504,210821,"PHO",4.12,17.78,0.00705464221188495,0.17122917990012
"SP_COV_32",2101504,210821,"GLU",4.12,17.78,0.00305851448476883,0.0742357884652629
"SP_COV_32",2101504,210821,"GLU",4.12,17.78,0.00353048730036752,0.0856914393293087
"SP_COV_32",2101504,210821,"GLU",4.12,17.78,0.00381767891111769,0.0926621094931478
"SP_COV_32",2101504,210821,"NAG",4.12,17.78,0.00161138352783198,0.0391112506755335
"SP_COV_32",2101504,210821,"NAG",4.12,17.78,0.00152280041473782,0.0369611751149956
"SP_COV_32",2101504,210821,"NAG",4.12,17.78,0.0014312156120923,0.0347382430119491
"SP_OT_12",2101500,210821,"PHO",2.88,13.61,0.00510545565803496,0.177272765903992
"SP_OT_12",2101500,210821,"PHO",2.88,13.61,0.00458966104270872,0.159363230649608
"SP_OT_12",2101500,210821,"GLU",2.88,13.61,0.00193648346910257,0.0672390093438394
"SP_OT_12",2101500,210821,"GLU",2.88,13.61,0.00159259215102429,0.0552983385772323
"SP_OT_12",2101500,210821,"GLU",2.88,13.61,0.00153080039259721,0.0531527914096255
"SP_OT_12",2101500,210821,"NAG",2.88,13.61,0.000601629551327742,0.0208899149766577
"SP_OT_12",2101500,210821,"NAG",2.88,13.61,0.000722462856917307,0.0250855158651843
"SP_OT_12",2101500,210821,"NAG",2.88,13.61,0.00066644999071009,0.0231406246774337
"SP_ONT_22",2101502,210821,"PHO",3.546,15.31,0.00454208052170955,0.128090257239412
"SP_ONT_22",2101502,210821,"PHO",3.546,15.31,0.0037747404312329,0.10645066077927
"SP_ONT_22",2101502,210821,"GLU",3.546,15.31,0.00226624571681715,0.063909918691967
"SP_ONT_22",2101502,210821,"GLU",3.546,15.31,0.00230897684140632,0.0651149701468224
"SP_ONT_22",2101502,210821,"GLU",3.546,15.31,0.00254304875873029,0.0717159830437194
"SP_ONT_22",2101502,210821,"NAG",3.546,15.31,0.000729403768186503,0.0205697622162014
"SP_ONT_22",2101502,210821,"NAG",3.546,15.31,0.000703354674869708,0.0198351572157278
"SP_ONT_22",2101502,210821,"NAG",3.546,15.31,0.000932358399552012,0.0262932430781729
"SP_COS_41",2101505,210821,"PHO",4.687,17.87,0.00505500249794283,0.107851557455576
"SP_COS_41",2101505,210821,"PHO",4.687,17.87,0.00458269922727436,0.0977746794809976
"SP_COS_41",2101505,210821,"GLU",4.687,17.87,0.00198112322420831,0.0422684707533243
"SP_COS_41",2101505,210821,"GLU",4.687,17.87,0.00202377353455936,0.0431784411043174
"SP_COS_41",2101505,210821,"GLU",4.687,17.87,0.00304656092004301,0.0650002329857694
"SP_COS_41",2101505,210821,"NAG",4.687,17.87,0.00123360248888441,0.0263196605266568
"SP_COS_41",2101505,210821,"NAG",4.687,17.87,0.0011777548919991,0.0251281180285704
"SP_COS_41",2101505,210821,"NAG",4.687,17.87,0.000936543107409969,0.0199817176746313
"SP_COS_42",2101506,210821,"PHO",5.171,17.65,0.0049170987267778,0.0950898999570256
"SP_COS_42",2101506,210821,"PHO",5.171,17.65,0.00532502214142255,0.102978575544818
"SP_COS_42",2101506,210821,"GLU",5.171,17.65,0.00348712734683601,0.0674362279411334
"SP_COS_42",2101506,210821,"GLU",5.171,17.65,0.00283513735021723,0.0548276416595867
"SP_COS_42",2101506,210821,"GLU",5.171,17.65,0.00358813378021489,0.0693895528952793
"SP_COS_42",2101506,210821,"NAG",5.171,17.65,0.0014895133244679,0.0288051310088552
"SP_COS_42",2101506,210821,"NAG",5.171,17.65,0.00113336199652365,0.0219176560921223
"SP_COS_42",2101506,210821,"NAG",5.171,17.65,0.00139452029038772,0.0269680968939802
"SP_OT_11",2101961,210916,"PHO",3.09,17.14,0.0282196618492872,0.913257665025477
"SP_OT_11",2101961,210916,"PHO",3.09,17.14,0.0242889779899241,0.786051067635083
"SP_OT_11",2101961,210916,"GLU",3.09,17.14,0.00930217323548576,0.301041205031902
"SP_OT_11",2101961,210916,"GLU",3.09,17.14,0.00967040510350959,0.312958093964712
"SP_OT_11",2101961,210916,"GLU",3.09,17.14,0.00800702533788848,0.259127033588624
"SP_OT_11",2101961,210916,"NAG",3.09,17.14,0.0041467370526512,0.134198610118162
"SP_OT_11",2101961,210916,"NAG",3.09,17.14,0.00488629015062016,0.158132367333986
"SP_OT_11",2101961,210916,"NAG",3.09,17.14,0.004153961793051,0.134432420487087
"SP_ONT_21",2101963,210916,"PHO",2.976,17.21,0.0194285023352379,0.652839460189444
"SP_ONT_21",2101963,210916,"PHO",2.976,17.21,0.0192522515874241,0.646917056029037
"SP_ONT_21",2101963,210916,"GLU",2.976,17.21,0.010034035137236,0.337165159181317
"SP_ONT_21",2101963,210916,"GLU",2.976,17.21,0.0100120335463627,0.336425858412725
"SP_ONT_21",2101963,210916,"GLU",2.976,17.21,0.00884092384401696,0.297074053898419
"SP_ONT_21",2101963,210916,"NAG",2.976,17.21,0.00274762099202155,0.0923259741942724
"SP_ONT_21",2101963,210916,"NAG",2.976,17.21,0.00270353664995903,0.0908446454959353
"SP_ONT_21",2101963,210916,"NAG",2.976,17.21,0.00337993065852468,0.113572938794512
"SP_COV_31",2101965,210916,"PHO",3.978,18.23,0.023663371139701,0.594855986417822
"SP_COV_31",2101965,210916,"PHO",3.978,18.23,0.0271271445183182,0.681929223688239
"SP_COV_31",2101965,210916,"GLU",3.978,18.23,0.0123629159312256,0.310782200382744
"SP_COV_31",2101965,210916,"GLU",3.978,18.23,0.0102026214685567,0.25647615556955
"SP_COV_31",2101965,210916,"GLU",3.978,18.23,0.0144786916191069,0.3639691206412
"SP_COV_31",2101965,210916,"NAG",3.978,18.23,0.00364427373007613,0.0916107021135276
"SP_COV_31",2101965,210916,"NAG",3.978,18.23,0.00303010582026404,0.0761715892474621
"SP_COV_31",2101965,210916,"NAG",3.978,18.23,0.0047546639940234,0.119523981750211
"SP_COV_32",2101966,210916,"PHO",4.777,18.87,0.027425546979726,0.574116537151475
"SP_COV_32",2101966,210916,"PHO",4.777,18.87,0.0281904309841645,0.590128343817552
"SP_COV_32",2101966,210916,"GLU",4.777,18.87,0.0162944967247793,0.341103134284683
"SP_COV_32",2101966,210916,"GLU",4.777,18.87,0.0154158286915083,0.322709413680307
"SP_COV_32",2101966,210916,"GLU",4.777,18.87,0.0178257182636676,0.373157175291345
"SP_COV_32",2101966,210916,"NAG",4.777,18.87,0.00582987189670261,0.122040441630785
"SP_COV_32",2101966,210916,"NAG",4.777,18.87,0.00516652230906664,0.108154119930221
"SP_COV_32",2101966,210916,"NAG",4.777,18.87,0.00533121003522715,0.111601633561381
"SP_OT_12",2101962,210916,"PHO",3.088,16.17,0.0215015217894746,0.696292804063295
"SP_OT_12",2101962,210916,"PHO",3.088,16.17,0.0196152673906379,0.63520943622532
"SP_OT_12",2101962,210916,"GLU",3.088,16.17,0.0113159037937288,0.366447661714014
"SP_OT_12",2101962,210916,"GLU",3.088,16.17,0.00937665545972723,0.303648169032618
"SP_OT_12",2101962,210916,"GLU",3.088,16.17,0.0100292012333042,0.32477983268472
"SP_OT_12",2101962,210916,"NAG",3.088,16.17,0.00316033692049956,0.102342516855556
"SP_OT_12",2101962,210916,"NAG",3.088,16.17,0.00270657867209443,0.0876482730600529
"SP_OT_12",2101962,210916,"NAG",3.088,16.17,0.00317436778104226,0.102796884101109
"SP_ONT_22",2101964,210916,"PHO",3.626,19.79,0.0229009628486327,0.631576471280549
"SP_ONT_22",2101964,210916,"PHO",3.626,19.79,0.0205851778573125,0.567710365618106
"SP_ONT_22",2101964,210916,"GLU",3.626,19.79,0.00944406585370591,0.260454105176666
"SP_ONT_22",2101964,210916,"GLU",3.626,19.79,0.0101401418105225,0.279650904868244
"SP_ONT_22",2101964,210916,"GLU",3.626,19.79,0.0109408374901698,0.30173296994401
"SP_ONT_22",2101964,210916,"NAG",3.626,19.79,0.00370338538856399,0.10213418060022
"SP_ONT_22",2101964,210916,"NAG",3.626,19.79,0.0027376679732397,0.0755010472487506
"SP_ONT_22",2101964,210916,"NAG",3.626,19.79,0.00330136194580008,0.0910469372807523
"SP_COS_41",2101967,210916,"PHO",4.326,19.7,0.0213317884200667,0.493106528434274
"SP_COS_41",2101967,210916,"PHO",4.326,19.7,0.0198007776860141,0.457715619186641
"SP_COS_41",2101967,210916,"GLU",4.326,19.7,0.0136293651085738,0.315056983554641
"SP_COS_41",2101967,210916,"GLU",4.326,19.7,0.0118339151147429,0.273553285130441
"SP_COS_41",2101967,210916,"GLU",4.326,19.7,0.0175956747792062,0.406742366602085
"SP_COS_41",2101967,210916,"NAG",4.326,19.7,0.0051483003640299,0.119008330190243
"SP_COS_41",2101967,210916,"NAG",4.326,19.7,0.00407816368316664,0.0942710051587296
"SP_COS_41",2101967,210916,"NAG",4.326,19.7,0.00509097024118558,0.117683084632122
"SP_COS_42",2101968,210916,"PHO",4.237,19.76,0.0202380233787234,0.477649831926444
"SP_COS_42",2101968,210916,"PHO",4.237,19.76,0.0179188860350998,0.422914468612222
"SP_COS_42",2101968,210916,"GLU",4.237,19.76,0.0126588071067443,0.298768163954314
"SP_COS_42",2101968,210916,"GLU",4.237,19.76,0.0108646922198423,0.256424173232057
"SP_COS_42",2101968,210916,"GLU",4.237,19.76,0.0114633517475951,0.270553498881168
"SP_COS_42",2101968,210916,"NAG",4.237,19.76,0.0034640485367373,0.0817571049501369
"SP_COS_42",2101968,210916,"NAG",4.237,19.76,0.00411102285289012,0.0970267371463327
"SP_COS_42",2101968,210916,"NAG",4.237,19.76,0.00441821444810543,0.104276951808011
"SP_COS_41A",2103398,211130,"PHO",5.172,22.4,0.0432414699618769,0.836068638087334
"SP_COV_31B",2103391,211130,"PHO",4.416,17.29,0.0233664003225335,0.529130442086356
"SP_COV_31C",2103392,211130,"PHO",4.722,17.71,0.0353519172789714,0.748664067746111
"SP_COV_31D",2103393,211130,"PHO",4.55,18.39,0.0317391186889578,0.697563048108963
"SP_COS_41B",2103399,211130,"PHO",5.011,21.43,0.0279427217922912,0.557627655004814
"SP_COS_41C",2103400,211130,"PHO",4.844,20.39,0.0321459338926574,0.663623738494167
"SP_COS_41D",2103401,211130,"PHO",4.644,21.57,0.0312912839474305,0.673800257265945
"SP_COS_42A",2103402,211130,"PHO",5.375,21.43,0.0348051469400459,0.647537617489226
"SP_COS_42B",2103403,211130,"PHO",5.207,22.86,0.0319511084477407,0.613618368498958
"SP_COS_42C",2103404,211130,"PHO",4.854,21.3,0.037184682034976,0.766062670683477
"SP_COS_42D",2103405,211130,"PHO",5.967,24.86,0.0290115413349879,0.486199787749085
"SP_COV_31A",2103390,211130,"PHO",4.917,20.66,0.00926272507807846,0.188381636731309
"SP_COS_41A",2103398,211130,"PHO",5.172,22.4,0.0461906680789315,0.893091030141755
"SP_COV_31B",2103391,211130,"PHO",4.416,17.29,0.0203648940121554,0.461161549188301
"SP_COV_31C",2103392,211130,"PHO",4.722,17.71,0.0183579406493382,0.388774685500596
"SP_COV_31D",2103393,211130,"PHO",4.55,18.39,0.022434921863796,0.493075205797715
"SP_COS_41B",2103399,211130,"PHO",5.011,21.43,0.0355142228536655,0.708725261498014
"SP_COS_41C",2103400,211130,"PHO",4.844,20.39,0.0270579076396364,0.558586037151867
"SP_COS_41D",2103401,211130,"PHO",4.644,21.57,0.040423901207026,0.870454375689621
"SP_COS_42A",2103402,211130,"PHO",5.375,21.43,0.038137136697549,0.709528124605563
"SP_COS_42B",2103403,211130,"PHO",5.207,22.86,0.0292231906965179,0.561228935980755
"SP_COS_42C",2103404,211130,"PHO",4.854,21.3,0.0366241088899956,0.754513986196861
"SP_COS_42D",2103405,211130,"PHO",5.967,24.86,0.0346609260060131,0.580876923177695
"SP_COV_31A",2103390,211130,"PHO",4.917,20.66,0.0162296389743055,0.330071974258807
"SP_COS_41A",2103398,211130,"GLU",5.172,22.4,0.0283219003855778,0.547600548831744
"SP_COV_31B",2103391,211130,"GLU",4.416,17.29,0.00850328651610977,0.192556306977123
"SP_COV_31C",2103392,211130,"GLU",4.722,17.71,0.00471304891873096,0.0998104387702447
"SP_COV_31D",2103393,211130,"GLU",4.55,18.39,0.00799783454724278,0.175776583455885
"SP_COS_41B",2103399,211130,"GLU",5.011,21.43,0.0140256552686349,0.279897331243962
"SP_COS_41C",2103400,211130,"GLU",4.844,20.39,0.0164681587747061,0.33997024720698
"SP_COS_41D",2103401,211130,"GLU",4.644,21.57,0.0138687526419164,0.298638084451258
"SP_COS_42A",2103402,211130,"GLU",5.375,21.43,0.0200064011240644,0.372212113936082
"SP_COS_42B",2103403,211130,"GLU",5.207,22.86,0.0149189891720847,0.286517940696845
"SP_COS_42C",2103404,211130,"GLU",4.854,21.3,0.021042264066218,0.433503586036629
"SP_COS_42D",2103405,211130,"GLU",5.967,24.86,0.0197547220866297,0.331066232388633
"SP_COV_31A",2103390,211130,"GLU",4.917,20.66,0.0098364584695384,0.200049999380484
"SP_COS_41A",2103398,211130,"GLU",5.172,22.4,0.0232794012662905,0.450104432836244
"SP_COV_31B",2103391,211130,"GLU",4.416,17.29,0.00547763221174743,0.12404058450515
"SP_COV_31C",2103392,211130,"GLU",4.722,17.71,0.00842438175800421,0.178407068149179
"SP_COV_31D",2103393,211130,"GLU",4.55,18.39,0.00915963934756269,0.201310754891488
"SP_COS_41B",2103399,211130,"GLU",5.011,21.43,0.0118850705653991,0.237179616152447
"SP_COS_41C",2103400,211130,"GLU",4.844,20.39,0.0130876930380988,0.270183588730364
"SP_COS_41D",2103401,211130,"GLU",4.644,21.57,0.00597792937747578,0.128723716138583
"SP_COS_42A",2103402,211130,"GLU",5.375,21.43,0.0122223831779293,0.227393175403335
"SP_COS_42B",2103403,211130,"GLU",5.207,22.86,0.0140454257120428,0.269741227425443
"SP_COS_42C",2103404,211130,"GLU",4.854,21.3,0.012652031536345,0.260651659174805
"SP_COS_42D",2103405,211130,"GLU",5.967,24.86,0.0094188262969576,0.157848605613501
"SP_COV_31A",2103390,211130,"GLU",4.917,20.66,0.0128630600374941,0.261603824232136
"SP_COS_41A",2103398,211130,"GLU",5.172,22.4,0.0341777709669267,0.660823104542279
"SP_COV_31B",2103391,211130,"GLU",4.416,17.29,0.00325830390630573,0.0737840558493146
"SP_COV_31C",2103392,211130,"GLU",4.722,17.71,0.00482993807052776,0.102285854945526
"SP_COV_31D",2103393,211130,"GLU",4.55,18.39,0.00628195757687921,0.138065001689653
"SP_COS_41B",2103399,211130,"GLU",5.011,21.43,0.0112375005617749,0.22425664661295
"SP_COS_41C",2103400,211130,"GLU",4.844,20.39,0.0153988497524949,0.317895329324832
"SP_COS_41D",2103401,211130,"GLU",4.644,21.57,0.016162948811217,0.348039380086499
"SP_COS_42A",2103402,211130,"GLU",5.375,21.43,0.0107680962718509,0.200336674825133
"SP_COS_42B",2103403,211130,"GLU",5.207,22.86,0.0140616910059069,0.270053601035278
"SP_COS_42C",2103404,211130,"GLU",4.854,21.3,0.019103624044841,0.393564566230757
"SP_COS_42D",2103405,211130,"GLU",5.967,24.86,0.0134379292710097,0.225204110457678
"SP_COV_31A",2103390,211130,"GLU",4.917,20.66,0.00599381893332282,0.121899917293529
"SP_COS_41A",2103398,211130,"NAG",5.172,22.4,0.009294720387033,0.179712304466995
"SP_COV_31B",2103391,211130,"NAG",4.416,17.29,0.00122826447572901,0.0278139600482112
"SP_COV_31C",2103392,211130,"NAG",4.722,17.71,0.00293285630920079,0.0621104682168741
"SP_COV_31D",2103393,211130,"NAG",4.55,18.39,0.00101697679807475,0.0223511384192252
"SP_COS_41B",2103399,211130,"NAG",5.011,21.43,0.0045135089411415,0.0900720203779984
"SP_COS_41C",2103400,211130,"NAG",4.844,20.39,0.00593185693726644,0.122457822817226
"SP_COS_41D",2103401,211130,"NAG",4.644,21.57,0.00518996833790774,0.11175642415822
"SP_COS_42A",2103402,211130,"NAG",5.375,21.43,0.00447755302954779,0.0833033121776333
"SP_COS_42B",2103403,211130,"NAG",5.207,22.86,0.00315919271184922,0.0606720321077247
"SP_COS_42C",2103404,211130,"NAG",4.854,21.3,0.00457357354445632,0.0942227759467721
"SP_COS_42D",2103405,211130,"NAG",5.967,24.86,0.00572292982611017,0.0959096669366545
"SP_COV_31A",2103390,211130,"NAG",4.917,20.66,0.00231156646109614,0.0470117238376275
"SP_COS_41A",2103398,211130,"NAG",5.172,22.4,0.00883737726416771,0.170869630010977
"SP_COV_31B",2103391,211130,"NAG",4.416,17.29,0.00173082794342983,0.0391944733566537
"SP_COV_31C",2103392,211130,"NAG",4.722,17.71,0.00229796206149228,0.0486650161264779
"SP_COV_31D",2103393,211130,"NAG",4.55,18.39,0.00160423142692383,0.0352578335587654
"SP_COS_41B",2103399,211130,"NAG",5.011,21.43,0.0042847647428802,0.0855071790636639
"SP_COS_41C",2103400,211130,"NAG",4.844,20.39,0.00498056415059886,0.102819243406252
"SP_COS_41D",2103401,211130,"NAG",4.644,21.57,0.00554218956030592,0.119340860471704
"SP_COS_42A",2103402,211130,"NAG",5.375,21.43,0.00479492976221481,0.0892079955760896
"SP_COS_42B",2103403,211130,"NAG",5.207,22.86,0.00390976896770505,0.0750867863972546
"SP_COS_42C",2103404,211130,"NAG",4.854,21.3,0.00584752471920192,0.120468164796084
"SP_COS_42D",2103405,211130,"NAG",5.967,24.86,0.00551080232369101,0.092354656002866
"SP_COV_31A",2103390,211130,"NAG",4.917,20.66,0.00248267687517765,0.0504916997188866
"SP_COS_41A",2103398,211130,"NAG",5.172,22.4,0.00887176852053642,0.171534580830171
"SP_COV_31B",2103391,211130,"NAG",4.416,17.29,0.00245609480195176,0.0556180888123134
"SP_COV_31C",2103392,211130,"NAG",4.722,17.71,0.00294592538656393,0.0623872381737384
"SP_COV_31D",2103393,211130,"NAG",4.55,18.39,0.00231786542315174,0.0509420972121261
"SP_COS_41B",2103399,211130,"NAG",5.011,21.43,0.00287605183050842,0.0573947681203036
"SP_COS_41C",2103400,211130,"NAG",4.844,20.39,0.00599714340753004,0.123805602963048
"SP_COS_41D",2103401,211130,"NAG",4.644,21.57,0.00455142299446681,0.0980065244286566
"SP_COS_42A",2103402,211130,"NAG",5.375,21.43,0.00326773247961786,0.0607950228766114
"SP_COS_42B",2103403,211130,"NAG",5.207,22.86,0.010961348968707,0.210511791217727
"SP_COS_42C",2103404,211130,"NAG",4.854,21.3,0.00525098273542013,0.108178465913064
"SP_COS_42D",2103405,211130,"NAG",5.967,24.86,0.00576282143489278,0.0965782040370836
"SP_COV_31A",2103390,211130,"NAG",4.917,20.66,0.00290690459913017,0.0591194752721205
"SP_OT_12A",2103378,211201,"PHO",3.927,20.98,0.0281564800824517,0.716997200979163
"SP_COV_32B",2103395,211201,"PHO",5.904,21.93,0.0310470576472573,0.525864797548396
"SP_COV_32C",2103396,211201,"PHO",5.783,20.29,0.036938810157495,0.638748230286962
"SP_COV_32D",2103397,211201,"PHO",5.568,20.98,0.0422312864330513,0.758464195995893
"SP_OT_12B",2103379,211201,"PHO",3.554,19.79,0.0219678833362934,0.618117145084226
"SP_OT_12C",2103380,211201,"PHO",3.299,17.37,0.0196801166586531,0.596547943578451
"SP_OT_12D",2103381,211201,"PHO",3.193,19.58,0.0197053287122683,0.617141519331923
"SP_ONT_22A",2103386,211201,"PHO",3.509,18.53,0.02136390644337,0.608831759571672
"SP_ONT_22B",2103387,211201,"PHO",4.387,19.7,0.0260277887650327,0.593293566561036
"SP_ONT_22C",2103388,211201,"PHO",4.869,21.45,0.0145484387793866,0.298797263901964
"SP_ONT_22D",2103389,211201,"PHO",3.748,18.71,0.0176144491432141,0.469969294109233
"SP_COV_32A",2103394,211201,"PHO",5.061,21.35,0.0180631844360999,0.35690939411381
"SP_OT_12A",2103378,211201,"PHO",3.927,20.98,0.0322561591300637,0.821394426535872
"SP_COV_32B",2103395,211201,"PHO",5.904,21.93,0.0230508689766554,0.390427997572077
"SP_COV_32C",2103396,211201,"PHO",5.783,20.29,0.0271027425559163,0.468662330207786
"SP_COV_32D",2103397,211201,"PHO",5.568,20.98,0.036883119249116,0.662412342836135
"SP_OT_12B",2103379,211201,"PHO",3.554,19.79,0.0294380320735375,0.828307036396665
"SP_OT_12C",2103380,211201,"PHO",3.299,17.37,0.0279870901983677,0.848350718350035
"SP_OT_12D",2103381,211201,"PHO",3.193,19.58,0.0322516616837953,1.01007396441576
"SP_ONT_22A",2103386,211201,"PHO",3.509,18.53,0.026450811376415,0.753799127284555
"SP_ONT_22B",2103387,211201,"PHO",4.387,19.7,0.0259770834671234,0.592137758539397
"SP_ONT_22C",2103388,211201,"PHO",4.869,21.45,0.0139304949265904,0.286105872388384
"SP_ONT_22D",2103389,211201,"PHO",3.748,18.71,0.0126413404660934,0.337282296320529
"SP_COV_32A",2103394,211201,"PHO",5.061,21.35,0.0234657855775433,0.463659070886057
"SP_OT_12A",2103378,211201,"GLU",3.927,20.98,0.0141620545242318,0.360632913782321
"SP_COV_32B",2103395,211201,"GLU",5.904,21.93,0.0151704935088904,0.256952803334864
"SP_COV_32C",2103396,211201,"GLU",5.783,20.29,0.00888200174876211,0.1535881333004
"SP_COV_32D",2103397,211201,"GLU",5.568,20.98,0.0222709050801237,0.399980335490728
"SP_OT_12B",2103379,211201,"GLU",3.554,19.79,0.0113979357065197,0.320707251168253
"SP_OT_12C",2103380,211201,"GLU",3.299,17.37,0.0106672172865668,0.323346992621001
"SP_OT_12D",2103381,211201,"GLU",3.193,19.58,0.00996358387938246,0.312044593779595
"SP_ONT_22A",2103386,211201,"GLU",3.509,18.53,0.0114554050155926,0.326457823185881
"SP_ONT_22B",2103387,211201,"GLU",4.387,19.7,0.0108242618605284,0.246734940973978
"SP_ONT_22C",2103388,211201,"GLU",4.869,21.45,0.00542110971728611,0.111339283575398
"SP_ONT_22D",2103389,211201,"GLU",3.748,18.71,0.0108964236542319,0.290726351500317
"SP_COV_32A",2103394,211201,"GLU",5.061,21.35,0.00828670894502776,0.163736592472392
"SP_OT_12A",2103378,211201,"GLU",3.927,20.98,0.013952408840762,0.355294342774688
"SP_COV_32B",2103395,211201,"GLU",5.904,21.93,0.00920428370426235,0.155899114232086
"SP_COV_32C",2103396,211201,"GLU",5.783,20.29,0.0141154383992206,0.244085049268902
"SP_COV_32D",2103397,211201,"GLU",5.568,20.98,0.0147126017718123,0.264234945614445
"SP_OT_12B",2103379,211201,"GLU",3.554,19.79,0.00669957946308653,0.18850814471262
"SP_OT_12C",2103380,211201,"GLU",3.299,17.37,0.00968764041881613,0.293653847190546
"SP_OT_12D",2103381,211201,"GLU",3.193,19.58,0.00918452916975147,0.287645761658361
"SP_ONT_22A",2103386,211201,"GLU",3.509,18.53,0.00802539864039929,0.228708995166694
"SP_ONT_22B",2103387,211201,"GLU",4.387,19.7,0.00896763278483137,0.204413785840697
"SP_ONT_22C",2103388,211201,"GLU",4.869,21.45,0.0042914316417856,0.0881378443578886
"SP_ONT_22D",2103389,211201,"GLU",3.748,18.71,0.00928633636418263,0.247767779193774
"SP_COV_32A",2103394,211201,"GLU",5.061,21.35,0.0158559321235509,0.313296426072929
"SP_OT_12A",2103378,211201,"GLU",3.927,20.98,0.0106667448637708,0.271625792303813
"SP_COV_32B",2103395,211201,"GLU",5.904,21.93,0.00987700192175638,0.167293392983679
"SP_COV_32C",2103396,211201,"GLU",5.783,20.29,0.00879857805954399,0.152145565615493
"SP_COV_32D",2103397,211201,"GLU",5.568,20.98,0.0089329289952391,0.160433351207599
"SP_OT_12B",2103379,211201,"GLU",3.554,19.79,0.00908297109626348,0.255570374121088
"SP_OT_12C",2103380,211201,"GLU",3.299,17.37,0.00613820511626706,0.186062598249987
"SP_OT_12D",2103381,211201,"GLU",3.193,19.58,0.0083794179923781,0.262430879811403
"SP_ONT_22A",2103386,211201,"GLU",3.509,18.53,0.00733321307515111,0.208982988747538
"SP_ONT_22B",2103387,211201,"GLU",4.387,19.7,0.00846704477943931,0.193003072246166
"SP_ONT_22C",2103388,211201,"GLU",4.869,21.45,0.0077828889883321,0.159845738104993
"SP_ONT_22D",2103389,211201,"GLU",3.748,18.71,0.00692907880087876,0.184874034174994
"SP_COV_32A",2103394,211201,"GLU",5.061,21.35,0.0099660843368824,0.196919271623837
"SP_OT_12A",2103378,211201,"NAG",3.927,20.98,0.00394035011925381,0.10033995720025
"SP_COV_32B",2103395,211201,"NAG",5.904,21.93,0.00200090353307571,0.0338906424978948
"SP_COV_32C",2103396,211201,"NAG",5.783,20.29,0.00155135820061757,0.0268261836523875
"SP_COV_32D",2103397,211201,"NAG",5.568,20.98,0.00280959885014552,0.0504597494638204
"SP_OT_12B",2103379,211201,"NAG",3.554,19.79,0.0066205093796022,0.186283325256112
"SP_OT_12C",2103380,211201,"NAG",3.299,17.37,0.00489032595850395,0.148236615898877
"SP_OT_12D",2103381,211201,"NAG",3.193,19.58,0.0034314168453605,0.107466860174147
"SP_ONT_22A",2103386,211201,"NAG",3.509,18.53,0.00228137565534674,0.0650149802036687
"SP_ONT_22B",2103387,211201,"NAG",4.387,19.7,0.00152881166440938,0.0348486816596623
"SP_ONT_22C",2103388,211201,"NAG",4.869,21.45,0.00186022544118596,0.0382054927333325
"SP_ONT_22D",2103389,211201,"NAG",3.748,18.71,0.00306832478243898,0.0818656558815096
"SP_COV_32A",2103394,211201,"NAG",5.061,21.35,0.00417401287655082,0.0824740738302869
"SP_OT_12A",2103378,211201,"NAG",3.927,20.98,0.00324182823263514,0.0825522850174468
"SP_COV_32B",2103395,211201,"NAG",5.904,21.93,0.00255822781831422,0.0433304169768668
"SP_COV_32C",2103396,211201,"NAG",5.783,20.29,0.00361262292622252,0.0624697030299588
"SP_COV_32D",2103397,211201,"NAG",5.568,20.98,0.00287390423660536,0.0516146594217917
"SP_OT_12B",2103379,211201,"NAG",3.554,19.79,0.00422624891991014,0.118915276305856
"SP_OT_12C",2103380,211201,"NAG",3.299,17.37,0.0036471321696153,0.1105526574603
"SP_OT_12D",2103381,211201,"NAG",3.193,19.58,0.00562011675431752,0.176013678494129
"SP_ONT_22A",2103386,211201,"NAG",3.509,18.53,0.00394905674369853,0.112540802043275
"SP_ONT_22B",2103387,211201,"NAG",4.387,19.7,0.00287433401143374,0.0655193528934065
"SP_ONT_22C",2103388,211201,"NAG",4.869,21.45,0.00342988439660939,0.0704433024565494
"SP_ONT_22D",2103389,211201,"NAG",3.748,18.71,0.00298368801102762,0.0796074709452407
"SP_COV_32A",2103394,211201,"NAG",5.061,21.35,0.00276367525475394,0.0546072960828679
"SP_OT_12A",2103378,211201,"NAG",3.927,20.98,0.00424200906548254,0.108021621224409
"SP_COV_32B",2103395,211201,"NAG",5.904,21.93,0.00310857237352674,0.0526519710963202
"SP_COV_32C",2103396,211201,"NAG",5.783,20.29,0.00309768094665388,0.0535652939072087
"SP_COV_32D",2103397,211201,"NAG",5.568,20.98,0.0053233945612936,0.0956069425519684
"SP_OT_12B",2103379,211201,"NAG",3.554,19.79,0.00435074863981009,0.122418363528703
"SP_OT_12C",2103380,211201,"NAG",3.299,17.37,0.00443604373790896,0.13446631518366
"SP_OT_12D",2103381,211201,"NAG",3.193,19.58,0.00285905648293001,0.0895413868753525
"SP_ONT_22A",2103386,211201,"NAG",3.509,18.53,0.00311407472205751,0.0887453611301656
"SP_ONT_22B",2103387,211201,"NAG",4.387,19.7,0.00303559456815242,0.0691952260805202
"SP_ONT_22C",2103388,211201,"NAG",4.869,21.45,0.00287423511861516,0.0590313230358422
"SP_ONT_22D",2103389,211201,"NAG",3.748,18.71,0.00343350892456304,0.0916090961729732
"SP_COV_32A",2103394,211201,"NAG",5.061,21.35,0.00307451377493012,0.0607491360389276
"SP_OT_11A",2103374,211202,"PHO",3.756,20.04,0.0230185074731478,0.612846311851646
"SP_OT_11B",2103375,211202,"PHO",3.568,20.77,0.0156577041481024,0.438836999666548
"SP_OT_11C",2103376,211202,"PHO",3.509,19.51,0.0148446746451369,0.42304572941399
"SP_OT_11D",2103377,211202,"PHO",3.627,19.28,0.0159821689339358,0.440644304768013
"SP_ONT_21A",2103382,211202,"PHO",4.62,22.29,0.018129228696446,0.392407547542121
"SP_ONT_21B",2103383,211202,"PHO",4.664,21.18,0.016872190269787,0.361753650724422
"SP_ONT_21C",2103384,211202,"PHO",3.782,19.14,0.0180737537583004,0.477888782609741
"SP_ONT_21D",2103385,211202,"PHO",4.606,21.42,0.0144573129792084,0.31388000389076
"SP_OT_11A",2103374,211202,"PHO",3.756,20.04,0.0199299624512635,0.530616678681136
"SP_OT_11B",2103375,211202,"PHO",3.568,20.77,0.0136733740678359,0.383222367372081
"SP_OT_11C",2103376,211202,"PHO",3.509,19.51,0.0142515905437325,0.406143931140852
"SP_OT_11D",2103377,211202,"PHO",3.627,19.28,0.018269891786781,0.503719100821092
"SP_ONT_21A",2103382,211202,"PHO",4.62,22.29,0.0169578475148437,0.367052976511768
"SP_ONT_21B",2103383,211202,"PHO",4.664,21.18,0.0130435484946124,0.279664418838174
"SP_ONT_21C",2103384,211202,"PHO",3.782,19.14,0.013155921737429,0.347856206700927
"SP_ONT_21D",2103385,211202,"PHO",4.606,21.42,0.012715137405799,0.27605595757271
"SP_OT_11A",2103374,211202,"GLU",3.756,20.04,0.00745504920437853,0.198483738135744
"SP_OT_11B",2103375,211202,"GLU",3.568,20.77,0.0051417782236986,0.14410813407227
"SP_OT_11C",2103376,211202,"GLU",3.509,19.51,0.00743094120656955,0.211768059463367
"SP_OT_11D",2103377,211202,"GLU",3.627,19.28,0.00808729179695353,0.222974684228109
"SP_ONT_21A",2103382,211202,"GLU",4.62,22.29,0.00804259558779286,0.174082155579932
"SP_ONT_21B",2103383,211202,"GLU",4.664,21.18,0.00615563654756881,0.131981915685438
"SP_ONT_21C",2103384,211202,"GLU",3.782,19.14,0.00594735149187193,0.157254137807296
"SP_ONT_21D",2103385,211202,"GLU",4.606,21.42,0.00747111568132713,0.162203987870758
"SP_OT_11A",2103374,211202,"GLU",3.756,20.04,0.00849496213395626,0.226170450850806
"SP_OT_11B",2103375,211202,"GLU",3.568,20.77,0.00547386624426662,0.153415533751867
"SP_OT_11C",2103376,211202,"GLU",3.509,19.51,0.00924306661273771,0.263410276795033
"SP_OT_11D",2103377,211202,"GLU",3.627,19.28,0.00773156133429742,0.213166841309551
"SP_ONT_21A",2103382,211202,"GLU",4.62,22.29,0.0108159234073032,0.234110896261974
"SP_ONT_21B",2103383,211202,"GLU",4.664,21.18,0.00661642784052972,0.141861660388716
"SP_ONT_21C",2103384,211202,"GLU",3.782,19.14,0.00624199445482225,0.165044803141783
"SP_ONT_21D",2103385,211202,"GLU",4.606,21.42,0.0084033248488247,0.182443005836403
"SP_OT_11A",2103374,211202,"GLU",3.756,20.04,0.0102029055858413,0.271642853723144
"SP_OT_11B",2103375,211202,"GLU",3.568,20.77,0.00494634621534827,0.138630779578147
"SP_OT_11C",2103376,211202,"GLU",3.509,19.51,0.011036913281937,0.314531583982247
"SP_OT_11D",2103377,211202,"GLU",3.627,19.28,0.00818800261371315,0.22575138168495
"SP_ONT_21A",2103382,211202,"GLU",4.62,22.29,0.0067885938307282,0.146939260405372
"SP_ONT_21B",2103383,211202,"GLU",4.664,21.18,0.00669389587802742,0.143522638894241
"SP_ONT_21C",2103384,211202,"GLU",3.782,19.14,0.00806970199944763,0.213371285019768
"SP_ONT_21D",2103385,211202,"GLU",4.606,21.42,0.00605842907058198,0.131533414472036
"SP_OT_11A",2103374,211202,"NAG",3.756,20.04,0.00305118765218031,0.0812350280133204
"SP_OT_11B",2103375,211202,"NAG",3.568,20.77,0.00199063829317752,0.0557914319836747
"SP_OT_11C",2103376,211202,"NAG",3.509,19.51,0.00345065187877064,0.0983371866278325
"SP_OT_11D",2103377,211202,"NAG",3.627,19.28,0.00366168211842724,0.1009562205246
"SP_ONT_21A",2103382,211202,"NAG",4.62,22.29,0.0034900790127034,0.0755428357728008
"SP_ONT_21B",2103383,211202,"NAG",4.664,21.18,0.00191347313727405,0.0410264394784315
"SP_ONT_21C",2103384,211202,"NAG",3.782,19.14,0.00193416548469137,0.0511413401557739
"SP_ONT_21D",2103385,211202,"NAG",4.606,21.42,0.00244109155435536,0.0529980797732383
"SP_OT_11A",2103374,211202,"NAG",3.756,20.04,0.00315346292295303,0.0839580117932116
"SP_OT_11B",2103375,211202,"NAG",3.568,20.77,0.00283128871633896,0.0793522622292309
"SP_OT_11C",2103376,211202,"NAG",3.509,19.51,0.00254386668237042,0.0724954882408213
"SP_OT_11D",2103377,211202,"NAG",3.627,19.28,0.00346100595190347,0.0954233788779561
"SP_ONT_21A",2103382,211202,"NAG",4.62,22.29,0.00324360201324862,0.0702078357846023
"SP_ONT_21B",2103383,211202,"NAG",4.664,21.18,0.00210456091757347,0.0451235188158976
"SP_ONT_21C",2103384,211202,"NAG",3.782,19.14,0.00243618863122238,0.0644153524913373
"SP_ONT_21D",2103385,211202,"NAG",4.606,21.42,0.00263461822343768,0.0571997008996456
"SP_OT_11A",2103374,211202,"NAG",3.756,20.04,0.0032765593403585,0.087235339200173
"SP_OT_11B",2103375,211202,"NAG",3.568,20.77,0.0018339998992422,0.0514013424675505
"SP_OT_11C",2103376,211202,"NAG",3.509,19.51,0.00268005426495623,0.0763765820734177
"SP_OT_11D",2103377,211202,"NAG",3.627,19.28,0.00328366254747225,0.0905338447056037
"SP_ONT_21A",2103382,211202,"NAG",4.62,22.29,0.00316190458907446,0.0684394932700099
"SP_ONT_21B",2103383,211202,"NAG",4.664,21.18,0.00250732291334013,0.0537590676102085
"SP_ONT_21C",2103384,211202,"NAG",3.782,19.14,0.00215835647127234,0.0570691822123834
"SP_ONT_21D",2103385,211202,"NAG",4.606,21.42,0.00273196229353679,0.0593131197033606
